group,group_title,group_subtitle,concepts,method,display_name,alpha_percent,avg_auc_roc,avg_auc_roc_ci_low,avg_auc_roc_ci_high,mean_target_reject_rate,target_reject_ci_low,target_reject_ci_high,mean_realized_control_reject_rate,realized_control_ci_low,realized_control_ci_high,mean_tau,n_concepts
key_mainstream,PLRDC vs Mainstream Methods,"Shared concepts: football, indian_politics, photo_captions","football,indian_politics,photo_captions",batchtopk,BatchTopK SAE,1,0.9994833333333334,0.99865,1.0,0.6633333333333333,0.0,1.0,0.01,0.0,0.02,inf,3
key_mainstream,PLRDC vs Mainstream Methods,"Shared concepts: football, indian_politics, photo_captions","football,indian_politics,photo_captions",batchtopk,BatchTopK SAE,2,0.9994833333333334,0.99865,1.0,0.6666666666666666,0.0,1.0,0.01,0.0,0.02,inf,3
key_mainstream,PLRDC vs Mainstream Methods,"Shared concepts: football, indian_politics, photo_captions","football,indian_politics,photo_captions",batchtopk,BatchTopK SAE,5,0.9994833333333334,0.99865,1.0,0.6666666666666666,0.0,1.0,0.02666666666666667,0.0,0.05000000000000001,inf,3
key_mainstream,PLRDC vs Mainstream Methods,"Shared concepts: football, indian_politics, photo_captions","football,indian_politics,photo_captions",batchtopk,BatchTopK SAE,10,0.9994833333333334,0.99865,1.0,0.6666666666666666,0.0,1.0,0.02666666666666667,0.0,0.05000000000000001,inf,3
key_mainstream,PLRDC vs Mainstream Methods,"Shared concepts: football, indian_politics, photo_captions","football,indian_politics,photo_captions",batchtopk,BatchTopK SAE,20,0.9994833333333334,0.99865,1.0,0.6666666666666666,0.0,1.0,0.02666666666666667,0.0,0.05000000000000001,inf,3
key_mainstream,PLRDC vs Mainstream Methods,"Shared concepts: football, indian_politics, photo_captions","football,indian_politics,photo_captions",dense,PLRDC SAE,1,0.99995,0.99985,1.0,1.0,1.0,1.0,0.01,0.0,0.02,9.449211438496908,3
key_mainstream,PLRDC vs Mainstream Methods,"Shared concepts: football, indian_politics, photo_captions","football,indian_politics,photo_captions",dense,PLRDC SAE,2,0.99995,0.99985,1.0,1.0,1.0,1.0,0.016666666666666666,0.01,0.02,6.915017485618591,3
key_mainstream,PLRDC vs Mainstream Methods,"Shared concepts: football, indian_politics, photo_captions","football,indian_politics,photo_captions",dense,PLRDC SAE,5,0.99995,0.99985,1.0,1.0,1.0,1.0,0.02333333333333333,0.01,0.04,4.118110140164693,3
key_mainstream,PLRDC vs Mainstream Methods,"Shared concepts: football, indian_politics, photo_captions","football,indian_politics,photo_captions",dense,PLRDC SAE,10,0.99995,0.99985,1.0,1.0,1.0,1.0,0.04666666666666667,0.01,0.11,2.6225459973017373,3
key_mainstream,PLRDC vs Mainstream Methods,"Shared concepts: football, indian_politics, photo_captions","football,indian_politics,photo_captions",dense,PLRDC SAE,20,0.99995,0.99985,1.0,1.0,1.0,1.0,0.04666666666666667,0.01,0.11,2.6225459973017373,3
key_mainstream,PLRDC vs Mainstream Methods,"Shared concepts: football, indian_politics, photo_captions","football,indian_politics,photo_captions",gatedsae,Gated SAE,1,0.9591500000000001,0.8779,1.0,0.7666666666666666,0.3,1.0,0.02,0.0,0.04,5.021674633026123,3
key_mainstream,PLRDC vs Mainstream Methods,"Shared concepts: football, indian_politics, photo_captions","football,indian_politics,photo_captions",gatedsae,Gated SAE,2,0.9591500000000001,0.8779,1.0,0.7833333333333333,0.3499999999999999,1.0,0.03333333333333333,0.01,0.06,4.259181976318359,3
key_mainstream,PLRDC vs Mainstream Methods,"Shared concepts: football, indian_politics, photo_captions","football,indian_politics,photo_captions",gatedsae,Gated SAE,5,0.9591500000000001,0.8779,1.0,0.8666666666666667,0.6,1.0,0.05333333333333334,0.03,0.07,2.8165365060170493,3
key_mainstream,PLRDC vs Mainstream Methods,"Shared concepts: football, indian_politics, photo_captions","football,indian_politics,photo_captions",gatedsae,Gated SAE,10,0.9591500000000001,0.8779,1.0,0.8933333333333334,0.68,1.0,0.09333333333333334,0.06,0.14,2.2730597058931985,3
key_mainstream,PLRDC vs Mainstream Methods,"Shared concepts: football, indian_politics, photo_captions","football,indian_politics,photo_captions",gatedsae,Gated SAE,20,0.9591500000000001,0.8779,1.0,0.9333333333333332,0.8000000000000002,1.0,0.17666666666666667,0.13,0.25,1.7399187088012695,3
key_mainstream,PLRDC vs Mainstream Methods,"Shared concepts: football, indian_politics, photo_captions","football,indian_politics,photo_captions",relu,ReLU SAE,1,0.9733833333333334,0.9208500000000001,1.0,0.6933333333333334,0.08,1.0,0.03,0.01,0.05000000000000001,6.338957031567891,3
key_mainstream,PLRDC vs Mainstream Methods,"Shared concepts: football, indian_politics, photo_captions","football,indian_politics,photo_captions",relu,ReLU SAE,2,0.9733833333333334,0.9208500000000001,1.0,0.79,0.36999999999999994,1.0,0.036666666666666674,0.01,0.07,4.495995044708252,3
key_mainstream,PLRDC vs Mainstream Methods,"Shared concepts: football, indian_politics, photo_captions","football,indian_politics,photo_captions",relu,ReLU SAE,5,0.9733833333333334,0.9208500000000001,1.0,0.87,0.61,1.0,0.06333333333333334,0.03,0.12,3.0354921023050943,3
key_mainstream,PLRDC vs Mainstream Methods,"Shared concepts: football, indian_politics, photo_captions","football,indian_politics,photo_captions",relu,ReLU SAE,10,0.9733833333333334,0.9208500000000001,1.0,0.9333333333333332,0.8000000000000002,1.0,0.09333333333333334,0.05000000000000001,0.12,2.3554754654566445,3
key_mainstream,PLRDC vs Mainstream Methods,"Shared concepts: football, indian_politics, photo_captions","football,indian_politics,photo_captions",relu,ReLU SAE,20,0.9733833333333334,0.9208500000000001,1.0,0.9633333333333334,0.89,1.0,0.22999999999999998,0.15,0.29,1.7576571106910706,3
key_sur,SUR vs Mainstream Methods,"Shared concepts: football, indian_politics","football,indian_politics",batchtopk,BatchTopK SAE,1,0.999225,0.99865,0.9998,0.995,0.99,1.0,0.015,0.01,0.02,19.53555202484131,2
key_sur,SUR vs Mainstream Methods,"Shared concepts: football, indian_politics","football,indian_politics",batchtopk,BatchTopK SAE,2,0.999225,0.99865,0.9998,1.0,1.0,1.0,0.015,0.01,0.02,17.09571409225464,2
key_sur,SUR vs Mainstream Methods,"Shared concepts: football, indian_politics","football,indian_politics",batchtopk,BatchTopK SAE,5,0.999225,0.99865,0.9998,1.0,1.0,1.0,0.04,0.03,0.05,6.726029396057129,2
key_sur,SUR vs Mainstream Methods,"Shared concepts: football, indian_politics","football,indian_politics",batchtopk,BatchTopK SAE,10,0.999225,0.99865,0.9998,1.0,1.0,1.0,0.04,0.03,0.05,6.726029396057129,2
key_sur,SUR vs Mainstream Methods,"Shared concepts: football, indian_politics","football,indian_politics",batchtopk,BatchTopK SAE,20,0.999225,0.99865,0.9998,1.0,1.0,1.0,0.04,0.03,0.05,6.726029396057129,2
key_sur,SUR vs Mainstream Methods,"Shared concepts: football, indian_politics","football,indian_politics",dense,PLRDC SAE,1,0.999925,0.99985,1.0,1.0,1.0,1.0,0.015,0.01,0.02,11.341533899307251,2
key_sur,SUR vs Mainstream Methods,"Shared concepts: football, indian_politics","football,indian_politics",dense,PLRDC SAE,2,0.999925,0.99985,1.0,1.0,1.0,1.0,0.02,0.02,0.02,8.249510288238525,2
key_sur,SUR vs Mainstream Methods,"Shared concepts: football, indian_politics","football,indian_politics",dense,PLRDC SAE,5,0.999925,0.99985,1.0,1.0,1.0,1.0,0.03,0.02,0.04,5.294178605079651,2
key_sur,SUR vs Mainstream Methods,"Shared concepts: football, indian_politics","football,indian_politics",dense,PLRDC SAE,10,0.999925,0.99985,1.0,1.0,1.0,1.0,0.065,0.02,0.11,3.0508323907852173,2
key_sur,SUR vs Mainstream Methods,"Shared concepts: football, indian_politics","football,indian_politics",dense,PLRDC SAE,20,0.999925,0.99985,1.0,1.0,1.0,1.0,0.065,0.02,0.11,3.0508323907852173,2
key_sur,SUR vs Mainstream Methods,"Shared concepts: football, indian_politics","football,indian_politics",gatedsae,Gated SAE,1,0.938725,0.8779,0.99955,0.65,0.3,1.0,0.01,0.0,0.02,6.068515300750732,2
key_sur,SUR vs Mainstream Methods,"Shared concepts: football, indian_politics","football,indian_politics",gatedsae,Gated SAE,2,0.938725,0.8779,0.99955,0.675,0.35,1.0,0.02,0.01,0.03,5.061812520027161,2
key_sur,SUR vs Mainstream Methods,"Shared concepts: football, indian_politics","football,indian_politics",gatedsae,Gated SAE,5,0.938725,0.8779,0.99955,0.8,0.6,1.0,0.045,0.03,0.06,3.0057968497276306,2
key_sur,SUR vs Mainstream Methods,"Shared concepts: football, indian_politics","football,indian_politics",gatedsae,Gated SAE,10,0.938725,0.8779,0.99955,0.8400000000000001,0.68,1.0,0.07,0.06,0.08,2.311567097902298,2
key_sur,SUR vs Mainstream Methods,"Shared concepts: football, indian_politics","football,indian_politics",gatedsae,Gated SAE,20,0.938725,0.8779,0.99955,0.9,0.8,1.0,0.14,0.13,0.15,1.6841231286525726,2
key_sur,SUR vs Mainstream Methods,"Shared concepts: football, indian_politics","football,indian_politics",kernel,SUR SAE,1,0.99945,0.9989,1.0,0.985,0.97,1.0,0.01,0.01,0.01,24.880796432495117,2
key_sur,SUR vs Mainstream Methods,"Shared concepts: football, indian_politics","football,indian_politics",kernel,SUR SAE,2,0.99945,0.9989,1.0,1.0,1.0,1.0,0.015,0.01,0.02,21.026190757751465,2
key_sur,SUR vs Mainstream Methods,"Shared concepts: football, indian_politics","football,indian_politics",kernel,SUR SAE,5,0.99945,0.9989,1.0,1.0,1.0,1.0,0.03,0.02,0.04,12.219750165939331,2
key_sur,SUR vs Mainstream Methods,"Shared concepts: football, indian_politics","football,indian_politics",kernel,SUR SAE,10,0.99945,0.9989,1.0,1.0,1.0,1.0,0.08,0.05,0.11,6.0407304763793945,2
key_sur,SUR vs Mainstream Methods,"Shared concepts: football, indian_politics","football,indian_politics",kernel,SUR SAE,20,0.99945,0.9989,1.0,1.0,1.0,1.0,0.08499999999999999,0.05,0.12,3.4437332153320312,2
key_sur,SUR vs Mainstream Methods,"Shared concepts: football, indian_politics","football,indian_politics",relu,ReLU SAE,1,0.960075,0.92085,0.9993,0.54,0.08,1.0,0.02,0.01,0.03,8.179584383964539,2
key_sur,SUR vs Mainstream Methods,"Shared concepts: football, indian_politics","football,indian_politics",relu,ReLU SAE,2,0.960075,0.92085,0.9993,0.685,0.37,1.0,0.02,0.01,0.03,5.496295928955078,2
key_sur,SUR vs Mainstream Methods,"Shared concepts: football, indian_politics","football,indian_politics",relu,ReLU SAE,5,0.960075,0.92085,0.9993,0.8049999999999999,0.61,1.0,0.035,0.03,0.04,3.499964654445648,2
key_sur,SUR vs Mainstream Methods,"Shared concepts: football, indian_politics","football,indian_politics",relu,ReLU SAE,10,0.960075,0.92085,0.9993,0.9,0.8,1.0,0.08,0.05,0.11,2.5413054525852203,2
key_sur,SUR vs Mainstream Methods,"Shared concepts: football, indian_politics","football,indian_politics",relu,ReLU SAE,20,0.960075,0.92085,0.9993,0.9450000000000001,0.89,1.0,0.21999999999999997,0.15,0.29,1.7923289835453033,2
