concept,method,display_name,alpha_percent,score_aggregation,tau,calibration_control_reject_rate,realized_control_reject_rate,target_reject_rate,auc_roc,n_control_calibration,n_control_evaluation,n_target_evaluation,feature_dir,split_seed
canadian_political,batchtopk,BatchTopK SAE,1,max,15.362244606018066,0.01,0.06,1.0,0.9944791666666667,100,100,96,/Users/yanyuming/Downloads/GitHub/llama3_interpretability_sae/ablation_datasets-dense/canadian_political/batchtopk-l11-f29876,42
canadian_political,batchtopk,BatchTopK SAE,2,max,13.367163181304932,0.02,0.06,1.0,0.9944791666666667,100,100,96,/Users/yanyuming/Downloads/GitHub/llama3_interpretability_sae/ablation_datasets-dense/canadian_political/batchtopk-l11-f29876,42
canadian_political,batchtopk,BatchTopK SAE,5,max,6.069638729095459,0.03,0.08,1.0,0.9944791666666667,100,100,96,/Users/yanyuming/Downloads/GitHub/llama3_interpretability_sae/ablation_datasets-dense/canadian_political/batchtopk-l11-f29876,42
canadian_political,batchtopk,BatchTopK SAE,10,max,6.069638729095459,0.03,0.08,1.0,0.9944791666666667,100,100,96,/Users/yanyuming/Downloads/GitHub/llama3_interpretability_sae/ablation_datasets-dense/canadian_political/batchtopk-l11-f29876,42
canadian_political,batchtopk,BatchTopK SAE,20,max,6.069638729095459,0.03,0.08,1.0,0.9944791666666667,100,100,96,/Users/yanyuming/Downloads/GitHub/llama3_interpretability_sae/ablation_datasets-dense/canadian_political/batchtopk-l11-f29876,42
canadian_political,dense,PLRDC SAE,1,max,7.445672273635864,0.01,0.06,1.0,0.9959375,100,100,96,/Users/yanyuming/Downloads/GitHub/llama3_interpretability_sae/ablation_datasets-dense/canadian_political/dense-l11-f18501,42
canadian_political,dense,PLRDC SAE,2,max,6.415083169937134,0.02,0.07,1.0,0.9959375,100,100,96,/Users/yanyuming/Downloads/GitHub/llama3_interpretability_sae/ablation_datasets-dense/canadian_political/dense-l11-f18501,42
canadian_political,dense,PLRDC SAE,5,max,4.736716270446777,0.05,0.08,1.0,0.9959375,100,100,96,/Users/yanyuming/Downloads/GitHub/llama3_interpretability_sae/ablation_datasets-dense/canadian_political/dense-l11-f18501,42
canadian_political,dense,PLRDC SAE,10,max,1.8707990646362305,0.07,0.08,1.0,0.9959375,100,100,96,/Users/yanyuming/Downloads/GitHub/llama3_interpretability_sae/ablation_datasets-dense/canadian_political/dense-l11-f18501,42
canadian_political,dense,PLRDC SAE,20,max,1.8707990646362305,0.07,0.08,1.0,0.9959375,100,100,96,/Users/yanyuming/Downloads/GitHub/llama3_interpretability_sae/ablation_datasets-dense/canadian_political/dense-l11-f18501,42
canadian_political,denseimq,PLRDC + IMQ,1,max,14.906635761260986,0.01,0.06,1.0,0.9920833333333333,100,100,96,/Users/yanyuming/Downloads/GitHub/llama3_interpretability_sae/ablation_datasets-dense/canadian_political/denseimq-l22-f27490,42
canadian_political,denseimq,PLRDC + IMQ,2,max,6.048547744750977,0.02,0.12,1.0,0.9920833333333333,100,100,96,/Users/yanyuming/Downloads/GitHub/llama3_interpretability_sae/ablation_datasets-dense/canadian_political/denseimq-l22-f27490,42
canadian_political,denseimq,PLRDC + IMQ,5,max,3.5189907550811768,0.05,0.14,1.0,0.9920833333333333,100,100,96,/Users/yanyuming/Downloads/GitHub/llama3_interpretability_sae/ablation_datasets-dense/canadian_political/denseimq-l22-f27490,42
canadian_political,denseimq,PLRDC + IMQ,10,max,1.134491205215454,0.09,0.14,1.0,0.9920833333333333,100,100,96,/Users/yanyuming/Downloads/GitHub/llama3_interpretability_sae/ablation_datasets-dense/canadian_political/denseimq-l22-f27490,42
canadian_political,denseimq,PLRDC + IMQ,20,max,1.134491205215454,0.09,0.14,1.0,0.9920833333333333,100,100,96,/Users/yanyuming/Downloads/GitHub/llama3_interpretability_sae/ablation_datasets-dense/canadian_political/denseimq-l22-f27490,42
canadian_political,denserepreg,PLRDC + RepReg,1,max,15.608444690704346,0.01,0.06,1.0,0.9915104166666666,100,100,96,/Users/yanyuming/Downloads/GitHub/llama3_interpretability_sae/ablation_datasets-dense/canadian_political/denserepreg-l22-f27490,42
canadian_political,denserepreg,PLRDC + RepReg,2,max,7.0920634269714355,0.02,0.08,1.0,0.9915104166666666,100,100,96,/Users/yanyuming/Downloads/GitHub/llama3_interpretability_sae/ablation_datasets-dense/canadian_political/denserepreg-l22-f27490,42
canadian_political,denserepreg,PLRDC + RepReg,5,max,4.333521246910095,0.05,0.13,1.0,0.9915104166666666,100,100,96,/Users/yanyuming/Downloads/GitHub/llama3_interpretability_sae/ablation_datasets-dense/canadian_political/denserepreg-l22-f27490,42
canadian_political,denserepreg,PLRDC + RepReg,10,max,1.7870314121246338,0.08,0.14,1.0,0.9915104166666666,100,100,96,/Users/yanyuming/Downloads/GitHub/llama3_interpretability_sae/ablation_datasets-dense/canadian_political/denserepreg-l22-f27490,42
canadian_political,denserepreg,PLRDC + RepReg,20,max,1.7870314121246338,0.08,0.14,1.0,0.9915104166666666,100,100,96,/Users/yanyuming/Downloads/GitHub/llama3_interpretability_sae/ablation_datasets-dense/canadian_political/denserepreg-l22-f27490,42
canadian_political,imq,IMQ SAE,1,max,24.48557710647583,0.01,0.06,1.0,0.9919791666666666,100,100,96,/Users/yanyuming/Downloads/GitHub/llama3_interpretability_sae/ablation_datasets-dense/canadian_political/imq-l22-f26489,42
canadian_political,imq,IMQ SAE,2,max,9.362056732177734,0.02,0.11,1.0,0.9919791666666666,100,100,96,/Users/yanyuming/Downloads/GitHub/llama3_interpretability_sae/ablation_datasets-dense/canadian_political/imq-l22-f26489,42
canadian_political,imq,IMQ SAE,5,max,4.649653911590576,0.03,0.12,1.0,0.9919791666666666,100,100,96,/Users/yanyuming/Downloads/GitHub/llama3_interpretability_sae/ablation_datasets-dense/canadian_political/imq-l22-f26489,42
canadian_political,imq,IMQ SAE,10,max,4.649653911590576,0.03,0.12,1.0,0.9919791666666666,100,100,96,/Users/yanyuming/Downloads/GitHub/llama3_interpretability_sae/ablation_datasets-dense/canadian_political/imq-l22-f26489,42
canadian_political,imq,IMQ SAE,20,max,4.649653911590576,0.03,0.12,1.0,0.9919791666666666,100,100,96,/Users/yanyuming/Downloads/GitHub/llama3_interpretability_sae/ablation_datasets-dense/canadian_political/imq-l22-f26489,42
canadian_political,kernel,SUR SAE,1,max,18.926636219024658,0.01,0.06,1.0,0.9926041666666666,100,100,96,/Users/yanyuming/Downloads/GitHub/llama3_interpretability_sae/ablation_datasets-dense/canadian_political/kernel-l22-f26489,42
canadian_political,kernel,SUR SAE,2,max,7.133483409881592,0.02,0.12,1.0,0.9926041666666666,100,100,96,/Users/yanyuming/Downloads/GitHub/llama3_interpretability_sae/ablation_datasets-dense/canadian_political/kernel-l22-f26489,42
canadian_political,kernel,SUR SAE,5,max,3.1855783462524414,0.03,0.13,1.0,0.9926041666666666,100,100,96,/Users/yanyuming/Downloads/GitHub/llama3_interpretability_sae/ablation_datasets-dense/canadian_political/kernel-l22-f26489,42
canadian_political,kernel,SUR SAE,10,max,3.1855783462524414,0.03,0.13,1.0,0.9926041666666666,100,100,96,/Users/yanyuming/Downloads/GitHub/llama3_interpretability_sae/ablation_datasets-dense/canadian_political/kernel-l22-f26489,42
canadian_political,kernel,SUR SAE,20,max,3.1855783462524414,0.03,0.13,1.0,0.9926041666666666,100,100,96,/Users/yanyuming/Downloads/GitHub/llama3_interpretability_sae/ablation_datasets-dense/canadian_political/kernel-l22-f26489,42
canadian_political,repreg,RepReg SAE,1,max,19.817492485046387,0.01,0.05,1.0,0.9923958333333334,100,100,96,/Users/yanyuming/Downloads/GitHub/llama3_interpretability_sae/ablation_datasets-dense/canadian_political/repreg-l22-f27454,42
canadian_political,repreg,RepReg SAE,2,max,7.620662450790404,0.02,0.07,1.0,0.9923958333333334,100,100,96,/Users/yanyuming/Downloads/GitHub/llama3_interpretability_sae/ablation_datasets-dense/canadian_political/repreg-l22-f27454,42
canadian_political,repreg,RepReg SAE,5,max,3.0320098400115967,0.03,0.08,1.0,0.9923958333333334,100,100,96,/Users/yanyuming/Downloads/GitHub/llama3_interpretability_sae/ablation_datasets-dense/canadian_political/repreg-l22-f27454,42
canadian_political,repreg,RepReg SAE,10,max,3.0320098400115967,0.03,0.08,1.0,0.9923958333333334,100,100,96,/Users/yanyuming/Downloads/GitHub/llama3_interpretability_sae/ablation_datasets-dense/canadian_political/repreg-l22-f27454,42
canadian_political,repreg,RepReg SAE,20,max,3.0320098400115967,0.03,0.08,1.0,0.9923958333333334,100,100,96,/Users/yanyuming/Downloads/GitHub/llama3_interpretability_sae/ablation_datasets-dense/canadian_political/repreg-l22-f27454,42
canadian_political,sigreg,SigReg SAE,1,max,19.481951236724854,0.01,0.05,1.0,0.9922395833333333,100,100,96,/Users/yanyuming/Downloads/GitHub/llama3_interpretability_sae/ablation_datasets-dense/canadian_political/sigreg-l22-f27454,42
canadian_political,sigreg,SigReg SAE,2,max,6.992569923400879,0.02,0.1,1.0,0.9922395833333333,100,100,96,/Users/yanyuming/Downloads/GitHub/llama3_interpretability_sae/ablation_datasets-dense/canadian_political/sigreg-l22-f27454,42
canadian_political,sigreg,SigReg SAE,5,max,2.7930970191955566,0.03,0.11,1.0,0.9922395833333333,100,100,96,/Users/yanyuming/Downloads/GitHub/llama3_interpretability_sae/ablation_datasets-dense/canadian_political/sigreg-l22-f27454,42
canadian_political,sigreg,SigReg SAE,10,max,2.7930970191955566,0.03,0.11,1.0,0.9922395833333333,100,100,96,/Users/yanyuming/Downloads/GitHub/llama3_interpretability_sae/ablation_datasets-dense/canadian_political/sigreg-l22-f27454,42
canadian_political,sigreg,SigReg SAE,20,max,2.7930970191955566,0.03,0.11,1.0,0.9922395833333333,100,100,96,/Users/yanyuming/Downloads/GitHub/llama3_interpretability_sae/ablation_datasets-dense/canadian_political/sigreg-l22-f27454,42
canadian_political,sigregrepreg,SigReg + RepReg,1,max,24.400765419006348,0.01,0.06,1.0,0.9926041666666666,100,100,96,/Users/yanyuming/Downloads/GitHub/llama3_interpretability_sae/ablation_datasets-dense/canadian_political/sigregrepreg-l22-f26489,42
canadian_political,sigregrepreg,SigReg + RepReg,2,max,9.103928565979004,0.02,0.11,1.0,0.9926041666666666,100,100,96,/Users/yanyuming/Downloads/GitHub/llama3_interpretability_sae/ablation_datasets-dense/canadian_political/sigregrepreg-l22-f26489,42
canadian_political,sigregrepreg,SigReg + RepReg,5,max,4.320863723754883,0.03,0.13,1.0,0.9926041666666666,100,100,96,/Users/yanyuming/Downloads/GitHub/llama3_interpretability_sae/ablation_datasets-dense/canadian_political/sigregrepreg-l22-f26489,42
canadian_political,sigregrepreg,SigReg + RepReg,10,max,4.320863723754883,0.03,0.13,1.0,0.9926041666666666,100,100,96,/Users/yanyuming/Downloads/GitHub/llama3_interpretability_sae/ablation_datasets-dense/canadian_political/sigregrepreg-l22-f26489,42
canadian_political,sigregrepreg,SigReg + RepReg,20,max,4.320863723754883,0.03,0.13,1.0,0.9926041666666666,100,100,96,/Users/yanyuming/Downloads/GitHub/llama3_interpretability_sae/ablation_datasets-dense/canadian_political/sigregrepreg-l22-f26489,42
female_subjects,batchtopk,BatchTopK SAE,1,max,67.17318153381348,0.01,0.03,0.71,0.98015,100,100,100,/Users/yanyuming/Downloads/GitHub/llama3_interpretability_sae/ablation_datasets-dense/female_subjects/batchtopk-l11-f57391,42
female_subjects,batchtopk,BatchTopK SAE,2,max,56.50065994262695,0.02,0.04,0.85,0.98015,100,100,100,/Users/yanyuming/Downloads/GitHub/llama3_interpretability_sae/ablation_datasets-dense/female_subjects/batchtopk-l11-f57391,42
female_subjects,batchtopk,BatchTopK SAE,5,max,26.86600971221924,0.05,0.1,1.0,0.98015,100,100,100,/Users/yanyuming/Downloads/GitHub/llama3_interpretability_sae/ablation_datasets-dense/female_subjects/batchtopk-l11-f57391,42
female_subjects,batchtopk,BatchTopK SAE,10,max,15.353180885314941,0.1,0.1,1.0,0.98015,100,100,100,/Users/yanyuming/Downloads/GitHub/llama3_interpretability_sae/ablation_datasets-dense/female_subjects/batchtopk-l11-f57391,42
female_subjects,batchtopk,BatchTopK SAE,20,max,5.792264938354492,0.16,0.11,1.0,0.98015,100,100,100,/Users/yanyuming/Downloads/GitHub/llama3_interpretability_sae/ablation_datasets-dense/female_subjects/batchtopk-l11-f57391,42
female_subjects,dense,PLRDC SAE,1,max,39.84792709350586,0.01,0.01,0.1,0.9809,100,100,100,/Users/yanyuming/Downloads/GitHub/llama3_interpretability_sae/ablation_datasets-dense/female_subjects/dense-l11-f41645,42
female_subjects,dense,PLRDC SAE,2,max,30.8087739944458,0.02,0.04,0.8,0.9809,100,100,100,/Users/yanyuming/Downloads/GitHub/llama3_interpretability_sae/ablation_datasets-dense/female_subjects/dense-l11-f41645,42
female_subjects,dense,PLRDC SAE,5,max,10.721707344055176,0.05,0.08,1.0,0.9809,100,100,100,/Users/yanyuming/Downloads/GitHub/llama3_interpretability_sae/ablation_datasets-dense/female_subjects/dense-l11-f41645,42
female_subjects,dense,PLRDC SAE,10,max,5.134291648864746,0.1,0.11,1.0,0.9809,100,100,100,/Users/yanyuming/Downloads/GitHub/llama3_interpretability_sae/ablation_datasets-dense/female_subjects/dense-l11-f41645,42
female_subjects,dense,PLRDC SAE,20,max,1.9545973539352417,0.13,0.12,1.0,0.9809,100,100,100,/Users/yanyuming/Downloads/GitHub/llama3_interpretability_sae/ablation_datasets-dense/female_subjects/dense-l11-f41645,42
female_subjects,denseimq,PLRDC + IMQ,1,max,17.79868221282959,0.01,0.07,0.76,0.9635,100,100,100,/Users/yanyuming/Downloads/GitHub/llama3_interpretability_sae/ablation_datasets-dense/female_subjects/denseimq-l22-f1189,42
female_subjects,denseimq,PLRDC + IMQ,2,max,10.418460845947266,0.02,0.08,0.92,0.9635,100,100,100,/Users/yanyuming/Downloads/GitHub/llama3_interpretability_sae/ablation_datasets-dense/female_subjects/denseimq-l22-f1189,42
female_subjects,denseimq,PLRDC + IMQ,5,max,8.58806037902832,0.05,0.09,0.93,0.9635,100,100,100,/Users/yanyuming/Downloads/GitHub/llama3_interpretability_sae/ablation_datasets-dense/female_subjects/denseimq-l22-f1189,42
female_subjects,denseimq,PLRDC + IMQ,10,max,6.50676965713501,0.1,0.11,0.96,0.9635,100,100,100,/Users/yanyuming/Downloads/GitHub/llama3_interpretability_sae/ablation_datasets-dense/female_subjects/denseimq-l22-f1189,42
female_subjects,denseimq,PLRDC + IMQ,20,max,2.0230202674865723,0.16,0.18,0.98,0.9635,100,100,100,/Users/yanyuming/Downloads/GitHub/llama3_interpretability_sae/ablation_datasets-dense/female_subjects/denseimq-l22-f1189,42
female_subjects,denserepreg,PLRDC + RepReg,1,max,19.222506046295166,0.01,0.07,0.8,0.971125,100,100,100,/Users/yanyuming/Downloads/GitHub/llama3_interpretability_sae/ablation_datasets-dense/female_subjects/denserepreg-l22-f1189,42
female_subjects,denserepreg,PLRDC + RepReg,2,max,12.164580821990967,0.02,0.08,0.94,0.971125,100,100,100,/Users/yanyuming/Downloads/GitHub/llama3_interpretability_sae/ablation_datasets-dense/female_subjects/denserepreg-l22-f1189,42
female_subjects,denserepreg,PLRDC + RepReg,5,max,9.092901706695557,0.05,0.09,0.95,0.971125,100,100,100,/Users/yanyuming/Downloads/GitHub/llama3_interpretability_sae/ablation_datasets-dense/female_subjects/denserepreg-l22-f1189,42
female_subjects,denserepreg,PLRDC + RepReg,10,max,6.714216232299805,0.1,0.11,0.97,0.971125,100,100,100,/Users/yanyuming/Downloads/GitHub/llama3_interpretability_sae/ablation_datasets-dense/female_subjects/denserepreg-l22-f1189,42
female_subjects,denserepreg,PLRDC + RepReg,20,max,1.0282902717590332,0.19,0.18,0.99,0.971125,100,100,100,/Users/yanyuming/Downloads/GitHub/llama3_interpretability_sae/ablation_datasets-dense/female_subjects/denserepreg-l22-f1189,42
female_subjects,imq,IMQ SAE,1,max,34.41654300689697,0.01,0.07,0.78,0.9616,100,100,100,/Users/yanyuming/Downloads/GitHub/llama3_interpretability_sae/ablation_datasets-dense/female_subjects/imq-l22-f3237,42
female_subjects,imq,IMQ SAE,2,max,26.449307441711426,0.02,0.07,0.87,0.9616,100,100,100,/Users/yanyuming/Downloads/GitHub/llama3_interpretability_sae/ablation_datasets-dense/female_subjects/imq-l22-f3237,42
female_subjects,imq,IMQ SAE,5,max,19.105968475341797,0.05,0.09,0.93,0.9616,100,100,100,/Users/yanyuming/Downloads/GitHub/llama3_interpretability_sae/ablation_datasets-dense/female_subjects/imq-l22-f3237,42
female_subjects,imq,IMQ SAE,10,max,11.401144027709961,0.1,0.13,0.97,0.9616,100,100,100,/Users/yanyuming/Downloads/GitHub/llama3_interpretability_sae/ablation_datasets-dense/female_subjects/imq-l22-f3237,42
female_subjects,imq,IMQ SAE,20,max,4.683244228363037,0.15,0.15,0.97,0.9616,100,100,100,/Users/yanyuming/Downloads/GitHub/llama3_interpretability_sae/ablation_datasets-dense/female_subjects/imq-l22-f3237,42
female_subjects,repreg,RepReg SAE,1,max,23.014827728271484,0.01,0.05,0.88,0.9755,100,100,100,/Users/yanyuming/Downloads/GitHub/llama3_interpretability_sae/ablation_datasets-dense/female_subjects/repreg-l22-f12116,42
female_subjects,repreg,RepReg SAE,2,max,19.56153678894043,0.02,0.07,0.9,0.9755,100,100,100,/Users/yanyuming/Downloads/GitHub/llama3_interpretability_sae/ablation_datasets-dense/female_subjects/repreg-l22-f12116,42
female_subjects,repreg,RepReg SAE,5,max,13.721270561218262,0.05,0.08,0.94,0.9755,100,100,100,/Users/yanyuming/Downloads/GitHub/llama3_interpretability_sae/ablation_datasets-dense/female_subjects/repreg-l22-f12116,42
female_subjects,repreg,RepReg SAE,10,max,4.560556888580322,0.08,0.1,0.97,0.9755,100,100,100,/Users/yanyuming/Downloads/GitHub/llama3_interpretability_sae/ablation_datasets-dense/female_subjects/repreg-l22-f12116,42
female_subjects,repreg,RepReg SAE,20,max,4.560556888580322,0.08,0.1,0.97,0.9755,100,100,100,/Users/yanyuming/Downloads/GitHub/llama3_interpretability_sae/ablation_datasets-dense/female_subjects/repreg-l22-f12116,42
female_subjects,sigreg,SigReg SAE,1,max,22.80188751220703,0.01,0.05,0.91,0.9749,100,100,100,/Users/yanyuming/Downloads/GitHub/llama3_interpretability_sae/ablation_datasets-dense/female_subjects/sigreg-l22-f12116,42
female_subjects,sigreg,SigReg SAE,2,max,19.402487754821777,0.02,0.06,0.94,0.9749,100,100,100,/Users/yanyuming/Downloads/GitHub/llama3_interpretability_sae/ablation_datasets-dense/female_subjects/sigreg-l22-f12116,42
female_subjects,sigreg,SigReg SAE,5,max,12.761942386627197,0.05,0.08,0.95,0.9749,100,100,100,/Users/yanyuming/Downloads/GitHub/llama3_interpretability_sae/ablation_datasets-dense/female_subjects/sigreg-l22-f12116,42
female_subjects,sigreg,SigReg SAE,10,max,4.787838459014892,0.09,0.12,0.97,0.9749,100,100,100,/Users/yanyuming/Downloads/GitHub/llama3_interpretability_sae/ablation_datasets-dense/female_subjects/sigreg-l22-f12116,42
female_subjects,sigreg,SigReg SAE,20,max,4.787838459014892,0.09,0.12,0.97,0.9749,100,100,100,/Users/yanyuming/Downloads/GitHub/llama3_interpretability_sae/ablation_datasets-dense/female_subjects/sigreg-l22-f12116,42
female_subjects,sigregrepreg,SigReg + RepReg,1,max,30.61540412902832,0.01,0.07,0.88,0.9695,100,100,100,/Users/yanyuming/Downloads/GitHub/llama3_interpretability_sae/ablation_datasets-dense/female_subjects/sigregrepreg-l22-f3237,42
female_subjects,sigregrepreg,SigReg + RepReg,2,max,26.81141471862793,0.02,0.08,0.9,0.9695,100,100,100,/Users/yanyuming/Downloads/GitHub/llama3_interpretability_sae/ablation_datasets-dense/female_subjects/sigregrepreg-l22-f3237,42
female_subjects,sigregrepreg,SigReg + RepReg,5,max,19.073241233825684,0.05,0.1,0.94,0.9695,100,100,100,/Users/yanyuming/Downloads/GitHub/llama3_interpretability_sae/ablation_datasets-dense/female_subjects/sigregrepreg-l22-f3237,42
female_subjects,sigregrepreg,SigReg + RepReg,10,max,12.963469505310059,0.1,0.11,0.97,0.9695,100,100,100,/Users/yanyuming/Downloads/GitHub/llama3_interpretability_sae/ablation_datasets-dense/female_subjects/sigregrepreg-l22-f3237,42
female_subjects,sigregrepreg,SigReg + RepReg,20,max,3.7844228744506836,0.13,0.14,0.98,0.9695,100,100,100,/Users/yanyuming/Downloads/GitHub/llama3_interpretability_sae/ablation_datasets-dense/female_subjects/sigregrepreg-l22-f3237,42
football,batchtopk,BatchTopK SAE,1,max,18.839240074157715,0.01,0.01,0.99,0.9998,100,100,100,/Users/yanyuming/Downloads/GitHub/llama3_interpretability_sae/ablation_datasets-dense/football/batchtopk-l11-f57610,42
football,batchtopk,BatchTopK SAE,2,max,16.31368923187256,0.02,0.01,1.0,0.9998,100,100,100,/Users/yanyuming/Downloads/GitHub/llama3_interpretability_sae/ablation_datasets-dense/football/batchtopk-l11-f57610,42
football,batchtopk,BatchTopK SAE,5,max,6.953437805175781,0.03,0.03,1.0,0.9998,100,100,100,/Users/yanyuming/Downloads/GitHub/llama3_interpretability_sae/ablation_datasets-dense/football/batchtopk-l11-f57610,42
football,batchtopk,BatchTopK SAE,10,max,6.953437805175781,0.03,0.03,1.0,0.9998,100,100,100,/Users/yanyuming/Downloads/GitHub/llama3_interpretability_sae/ablation_datasets-dense/football/batchtopk-l11-f57610,42
football,batchtopk,BatchTopK SAE,20,max,6.953437805175781,0.03,0.03,1.0,0.9998,100,100,100,/Users/yanyuming/Downloads/GitHub/llama3_interpretability_sae/ablation_datasets-dense/football/batchtopk-l11-f57610,42
football,dense,PLRDC SAE,1,max,8.648682594299316,0.01,0.01,1.0,1.0,100,100,100,/Users/yanyuming/Downloads/GitHub/llama3_interpretability_sae/ablation_datasets-dense/football/dense-l11-f52149,42
football,dense,PLRDC SAE,2,max,4.1680145263671875,0.02,0.02,1.0,1.0,100,100,100,/Users/yanyuming/Downloads/GitHub/llama3_interpretability_sae/ablation_datasets-dense/football/dense-l11-f52149,42
football,dense,PLRDC SAE,5,max,4.1680145263671875,0.02,0.02,1.0,1.0,100,100,100,/Users/yanyuming/Downloads/GitHub/llama3_interpretability_sae/ablation_datasets-dense/football/dense-l11-f52149,42
football,dense,PLRDC SAE,10,max,4.1680145263671875,0.02,0.02,1.0,1.0,100,100,100,/Users/yanyuming/Downloads/GitHub/llama3_interpretability_sae/ablation_datasets-dense/football/dense-l11-f52149,42
football,dense,PLRDC SAE,20,max,4.1680145263671875,0.02,0.02,1.0,1.0,100,100,100,/Users/yanyuming/Downloads/GitHub/llama3_interpretability_sae/ablation_datasets-dense/football/dense-l11-f52149,42
football,denseimq,PLRDC + IMQ,1,max,26.19930934906006,0.01,0.01,0.96,0.9969,100,100,100,/Users/yanyuming/Downloads/GitHub/llama3_interpretability_sae/ablation_datasets-dense/football/denseimq-l22-f27807,42
football,denseimq,PLRDC + IMQ,2,max,19.530370712280273,0.02,0.01,0.99,0.9969,100,100,100,/Users/yanyuming/Downloads/GitHub/llama3_interpretability_sae/ablation_datasets-dense/football/denseimq-l22-f27807,42
football,denseimq,PLRDC + IMQ,5,max,11.579787254333496,0.05,0.04,1.0,0.9969,100,100,100,/Users/yanyuming/Downloads/GitHub/llama3_interpretability_sae/ablation_datasets-dense/football/denseimq-l22-f27807,42
football,denseimq,PLRDC + IMQ,10,max,4.174266934394836,0.1,0.08,1.0,0.9969,100,100,100,/Users/yanyuming/Downloads/GitHub/llama3_interpretability_sae/ablation_datasets-dense/football/denseimq-l22-f27807,42
football,denseimq,PLRDC + IMQ,20,max,1.9293993711471555,0.11,0.11,1.0,0.9969,100,100,100,/Users/yanyuming/Downloads/GitHub/llama3_interpretability_sae/ablation_datasets-dense/football/denseimq-l22-f27807,42
football,denserepreg,PLRDC + RepReg,1,max,23.73892879486084,0.01,0.01,0.97,0.996,100,100,100,/Users/yanyuming/Downloads/GitHub/llama3_interpretability_sae/ablation_datasets-dense/football/denserepreg-l22-f27807,42
football,denserepreg,PLRDC + RepReg,2,max,18.449536323547363,0.02,0.02,0.99,0.996,100,100,100,/Users/yanyuming/Downloads/GitHub/llama3_interpretability_sae/ablation_datasets-dense/football/denserepreg-l22-f27807,42
football,denserepreg,PLRDC + RepReg,5,max,11.338396549224854,0.05,0.04,1.0,0.996,100,100,100,/Users/yanyuming/Downloads/GitHub/llama3_interpretability_sae/ablation_datasets-dense/football/denserepreg-l22-f27807,42
football,denserepreg,PLRDC + RepReg,10,max,2.0453569889068604,0.1,0.1,1.0,0.996,100,100,100,/Users/yanyuming/Downloads/GitHub/llama3_interpretability_sae/ablation_datasets-dense/football/denserepreg-l22-f27807,42
football,denserepreg,PLRDC + RepReg,20,max,2.0453569889068604,0.1,0.1,1.0,0.996,100,100,100,/Users/yanyuming/Downloads/GitHub/llama3_interpretability_sae/ablation_datasets-dense/football/denserepreg-l22-f27807,42
football,gatedsae,Gated SAE,1,max,6.5345048904418945,0.01,0.0,0.3,0.8779,100,100,100,/Users/yanyuming/Downloads/GitHub/llama3_interpretability_sae/ablation_datasets-dense/football/gatedsae-l11-f16570,42
football,gatedsae,Gated SAE,2,max,4.671320915222168,0.02,0.01,0.35,0.8779,100,100,100,/Users/yanyuming/Downloads/GitHub/llama3_interpretability_sae/ablation_datasets-dense/football/gatedsae-l11-f16570,42
football,gatedsae,Gated SAE,5,max,2.1158963441848755,0.05,0.06,0.6,0.8779,100,100,100,/Users/yanyuming/Downloads/GitHub/llama3_interpretability_sae/ablation_datasets-dense/football/gatedsae-l11-f16570,42
football,gatedsae,Gated SAE,10,max,1.8213936686515808,0.1,0.08,0.68,0.8779,100,100,100,/Users/yanyuming/Downloads/GitHub/llama3_interpretability_sae/ablation_datasets-dense/football/gatedsae-l11-f16570,42
football,gatedsae,Gated SAE,20,max,1.4431982040405273,0.2,0.13,0.8,0.8779,100,100,100,/Users/yanyuming/Downloads/GitHub/llama3_interpretability_sae/ablation_datasets-dense/football/gatedsae-l11-f16570,42
football,kernel,SUR SAE,1,max,28.25798797607422,0.01,0.01,0.97,0.9989,100,100,100,/Users/yanyuming/Downloads/GitHub/llama3_interpretability_sae/ablation_datasets-dense/football/kernel-l22-f40102,42
football,kernel,SUR SAE,2,max,25.144254684448242,0.02,0.01,1.0,0.9989,100,100,100,/Users/yanyuming/Downloads/GitHub/llama3_interpretability_sae/ablation_datasets-dense/football/kernel-l22-f40102,42
football,kernel,SUR SAE,5,max,10.865556240081787,0.05,0.04,1.0,0.9989,100,100,100,/Users/yanyuming/Downloads/GitHub/llama3_interpretability_sae/ablation_datasets-dense/football/kernel-l22-f40102,42
football,kernel,SUR SAE,10,max,3.4911770820617676,0.09,0.05,1.0,0.9989,100,100,100,/Users/yanyuming/Downloads/GitHub/llama3_interpretability_sae/ablation_datasets-dense/football/kernel-l22-f40102,42
football,kernel,SUR SAE,20,max,3.4911770820617676,0.09,0.05,1.0,0.9989,100,100,100,/Users/yanyuming/Downloads/GitHub/llama3_interpretability_sae/ablation_datasets-dense/football/kernel-l22-f40102,42
football,relu,ReLU SAE,1,max,10.398009777069092,0.01,0.01,0.08,0.92085,100,100,100,/Users/yanyuming/Downloads/GitHub/llama3_interpretability_sae/ablation_datasets-dense/football/relu-l11-f2188,42
football,relu,ReLU SAE,2,max,5.242201805114746,0.02,0.01,0.37,0.92085,100,100,100,/Users/yanyuming/Downloads/GitHub/llama3_interpretability_sae/ablation_datasets-dense/football/relu-l11-f2188,42
football,relu,ReLU SAE,5,max,3.175850510597229,0.05,0.04,0.61,0.92085,100,100,100,/Users/yanyuming/Downloads/GitHub/llama3_interpretability_sae/ablation_datasets-dense/football/relu-l11-f2188,42
football,relu,ReLU SAE,10,max,1.9865027070045471,0.1,0.11,0.8,0.92085,100,100,100,/Users/yanyuming/Downloads/GitHub/llama3_interpretability_sae/ablation_datasets-dense/football/relu-l11-f2188,42
football,relu,ReLU SAE,20,max,1.47347754240036,0.2,0.29,0.89,0.92085,100,100,100,/Users/yanyuming/Downloads/GitHub/llama3_interpretability_sae/ablation_datasets-dense/football/relu-l11-f2188,42
football,repreg,RepReg SAE,1,max,18.42741584777832,0.01,0.01,0.93,0.991225,100,100,100,/Users/yanyuming/Downloads/GitHub/llama3_interpretability_sae/ablation_datasets-dense/football/repreg-l22-f40102,42
football,repreg,RepReg SAE,2,max,13.387146472930908,0.02,0.02,0.97,0.991225,100,100,100,/Users/yanyuming/Downloads/GitHub/llama3_interpretability_sae/ablation_datasets-dense/football/repreg-l22-f40102,42
football,repreg,RepReg SAE,5,max,7.245839595794678,0.05,0.05,0.99,0.991225,100,100,100,/Users/yanyuming/Downloads/GitHub/llama3_interpretability_sae/ablation_datasets-dense/football/repreg-l22-f40102,42
football,repreg,RepReg SAE,10,max,2.496530055999756,0.06,0.05,0.99,0.991225,100,100,100,/Users/yanyuming/Downloads/GitHub/llama3_interpretability_sae/ablation_datasets-dense/football/repreg-l22-f40102,42
football,repreg,RepReg SAE,20,max,2.496530055999756,0.06,0.05,0.99,0.991225,100,100,100,/Users/yanyuming/Downloads/GitHub/llama3_interpretability_sae/ablation_datasets-dense/football/repreg-l22-f40102,42
football,sigreg,SigReg SAE,1,max,13.66182804107666,0.01,0.02,1.0,0.9985,100,100,100,/Users/yanyuming/Downloads/GitHub/llama3_interpretability_sae/ablation_datasets-dense/football/sigreg-l22-f40102,42
football,sigreg,SigReg SAE,2,max,11.089178562164307,0.02,0.03,1.0,0.9985,100,100,100,/Users/yanyuming/Downloads/GitHub/llama3_interpretability_sae/ablation_datasets-dense/football/sigreg-l22-f40102,42
football,sigreg,SigReg SAE,5,max,5.298497200012207,0.04,0.05,1.0,0.9985,100,100,100,/Users/yanyuming/Downloads/GitHub/llama3_interpretability_sae/ablation_datasets-dense/football/sigreg-l22-f40102,42
football,sigreg,SigReg SAE,10,max,5.298497200012207,0.04,0.05,1.0,0.9985,100,100,100,/Users/yanyuming/Downloads/GitHub/llama3_interpretability_sae/ablation_datasets-dense/football/sigreg-l22-f40102,42
football,sigreg,SigReg SAE,20,max,5.298497200012207,0.04,0.05,1.0,0.9985,100,100,100,/Users/yanyuming/Downloads/GitHub/llama3_interpretability_sae/ablation_datasets-dense/football/sigreg-l22-f40102,42
football,sigregrepreg,SigReg + RepReg,1,max,32.86409378051758,0.01,0.01,0.92,0.99675,100,100,100,/Users/yanyuming/Downloads/GitHub/llama3_interpretability_sae/ablation_datasets-dense/football/sigregrepreg-l22-f40102,42
football,sigregrepreg,SigReg + RepReg,2,max,27.449460983276367,0.02,0.01,0.97,0.99675,100,100,100,/Users/yanyuming/Downloads/GitHub/llama3_interpretability_sae/ablation_datasets-dense/football/sigregrepreg-l22-f40102,42
football,sigregrepreg,SigReg + RepReg,5,max,13.71712589263916,0.05,0.04,1.0,0.99675,100,100,100,/Users/yanyuming/Downloads/GitHub/llama3_interpretability_sae/ablation_datasets-dense/football/sigregrepreg-l22-f40102,42
football,sigregrepreg,SigReg + RepReg,10,max,4.984239101409912,0.08,0.07,1.0,0.99675,100,100,100,/Users/yanyuming/Downloads/GitHub/llama3_interpretability_sae/ablation_datasets-dense/football/sigregrepreg-l22-f40102,42
football,sigregrepreg,SigReg + RepReg,20,max,4.984239101409912,0.08,0.07,1.0,0.99675,100,100,100,/Users/yanyuming/Downloads/GitHub/llama3_interpretability_sae/ablation_datasets-dense/football/sigregrepreg-l22-f40102,42
indian_politics,batchtopk,BatchTopK SAE,1,max,20.231863975524902,0.01,0.02,1.0,0.99865,100,100,100,/Users/yanyuming/Downloads/GitHub/llama3_interpretability_sae/ablation_datasets-dense/indian_politics/batchtopk-l11-f50508,42
indian_politics,batchtopk,BatchTopK SAE,2,max,17.87773895263672,0.02,0.02,1.0,0.99865,100,100,100,/Users/yanyuming/Downloads/GitHub/llama3_interpretability_sae/ablation_datasets-dense/indian_politics/batchtopk-l11-f50508,42
indian_politics,batchtopk,BatchTopK SAE,5,max,6.498620986938476,0.04,0.05,1.0,0.99865,100,100,100,/Users/yanyuming/Downloads/GitHub/llama3_interpretability_sae/ablation_datasets-dense/indian_politics/batchtopk-l11-f50508,42
indian_politics,batchtopk,BatchTopK SAE,10,max,6.498620986938476,0.04,0.05,1.0,0.99865,100,100,100,/Users/yanyuming/Downloads/GitHub/llama3_interpretability_sae/ablation_datasets-dense/indian_politics/batchtopk-l11-f50508,42
indian_politics,batchtopk,BatchTopK SAE,20,max,6.498620986938476,0.04,0.05,1.0,0.99865,100,100,100,/Users/yanyuming/Downloads/GitHub/llama3_interpretability_sae/ablation_datasets-dense/indian_politics/batchtopk-l11-f50508,42
indian_politics,dense,PLRDC SAE,1,max,14.034385204315186,0.01,0.02,1.0,0.99985,100,100,100,/Users/yanyuming/Downloads/GitHub/llama3_interpretability_sae/ablation_datasets-dense/indian_politics/dense-l11-f14417,42
indian_politics,dense,PLRDC SAE,2,max,12.331006050109863,0.02,0.02,1.0,0.99985,100,100,100,/Users/yanyuming/Downloads/GitHub/llama3_interpretability_sae/ablation_datasets-dense/indian_politics/dense-l11-f14417,42
indian_politics,dense,PLRDC SAE,5,max,6.420342683792114,0.05,0.04,1.0,0.99985,100,100,100,/Users/yanyuming/Downloads/GitHub/llama3_interpretability_sae/ablation_datasets-dense/indian_politics/dense-l11-f14417,42
indian_politics,dense,PLRDC SAE,10,max,1.933650255203247,0.1,0.11,1.0,0.99985,100,100,100,/Users/yanyuming/Downloads/GitHub/llama3_interpretability_sae/ablation_datasets-dense/indian_politics/dense-l11-f14417,42
indian_politics,dense,PLRDC SAE,20,max,1.933650255203247,0.1,0.11,1.0,0.99985,100,100,100,/Users/yanyuming/Downloads/GitHub/llama3_interpretability_sae/ablation_datasets-dense/indian_politics/dense-l11-f14417,42
indian_politics,denseimq,PLRDC + IMQ,1,max,18.1710205078125,0.01,0.01,1.0,0.99995,100,100,100,/Users/yanyuming/Downloads/GitHub/llama3_interpretability_sae/ablation_datasets-dense/indian_politics/denseimq-l22-f24944,42
indian_politics,denseimq,PLRDC + IMQ,2,max,12.537869930267334,0.02,0.02,1.0,0.99995,100,100,100,/Users/yanyuming/Downloads/GitHub/llama3_interpretability_sae/ablation_datasets-dense/indian_politics/denseimq-l22-f24944,42
indian_politics,denseimq,PLRDC + IMQ,5,max,8.385199546813965,0.05,0.06,1.0,0.99995,100,100,100,/Users/yanyuming/Downloads/GitHub/llama3_interpretability_sae/ablation_datasets-dense/indian_politics/denseimq-l22-f24944,42
indian_politics,denseimq,PLRDC + IMQ,10,max,5.146061658859253,0.1,0.12,1.0,0.99995,100,100,100,/Users/yanyuming/Downloads/GitHub/llama3_interpretability_sae/ablation_datasets-dense/indian_politics/denseimq-l22-f24944,42
indian_politics,denseimq,PLRDC + IMQ,20,max,1.1993863582611084,0.2,0.19,1.0,0.99995,100,100,100,/Users/yanyuming/Downloads/GitHub/llama3_interpretability_sae/ablation_datasets-dense/indian_politics/denseimq-l22-f24944,42
indian_politics,denserepreg,PLRDC + RepReg,1,max,17.735736846923828,0.01,0.01,1.0,0.99995,100,100,100,/Users/yanyuming/Downloads/GitHub/llama3_interpretability_sae/ablation_datasets-dense/indian_politics/denserepreg-l22-f24944,42
indian_politics,denserepreg,PLRDC + RepReg,2,max,12.549916744232178,0.02,0.03,1.0,0.99995,100,100,100,/Users/yanyuming/Downloads/GitHub/llama3_interpretability_sae/ablation_datasets-dense/indian_politics/denserepreg-l22-f24944,42
indian_politics,denserepreg,PLRDC + RepReg,5,max,7.903709888458252,0.05,0.07,1.0,0.99995,100,100,100,/Users/yanyuming/Downloads/GitHub/llama3_interpretability_sae/ablation_datasets-dense/indian_politics/denserepreg-l22-f24944,42
indian_politics,denserepreg,PLRDC + RepReg,10,max,5.77066707611084,0.1,0.1,1.0,0.99995,100,100,100,/Users/yanyuming/Downloads/GitHub/llama3_interpretability_sae/ablation_datasets-dense/indian_politics/denserepreg-l22-f24944,42
indian_politics,denserepreg,PLRDC + RepReg,20,max,1.4407362937927246,0.16,0.22,1.0,0.99995,100,100,100,/Users/yanyuming/Downloads/GitHub/llama3_interpretability_sae/ablation_datasets-dense/indian_politics/denserepreg-l22-f24944,42
indian_politics,gatedsae,Gated SAE,1,max,5.60252571105957,0.01,0.02,1.0,0.99955,100,100,100,/Users/yanyuming/Downloads/GitHub/llama3_interpretability_sae/ablation_datasets-dense/indian_politics/gatedsae-l11-f23198,42
indian_politics,gatedsae,Gated SAE,2,max,5.452304124832153,0.02,0.03,1.0,0.99955,100,100,100,/Users/yanyuming/Downloads/GitHub/llama3_interpretability_sae/ablation_datasets-dense/indian_politics/gatedsae-l11-f23198,42
indian_politics,gatedsae,Gated SAE,5,max,3.8956973552703857,0.05,0.03,1.0,0.99955,100,100,100,/Users/yanyuming/Downloads/GitHub/llama3_interpretability_sae/ablation_datasets-dense/indian_politics/gatedsae-l11-f23198,42
indian_politics,gatedsae,Gated SAE,10,max,2.801740527153015,0.1,0.06,1.0,0.99955,100,100,100,/Users/yanyuming/Downloads/GitHub/llama3_interpretability_sae/ablation_datasets-dense/indian_politics/gatedsae-l11-f23198,42
indian_politics,gatedsae,Gated SAE,20,max,1.925048053264618,0.2,0.15,1.0,0.99955,100,100,100,/Users/yanyuming/Downloads/GitHub/llama3_interpretability_sae/ablation_datasets-dense/indian_politics/gatedsae-l11-f23198,42
indian_politics,imq,IMQ SAE,1,max,29.091773986816406,0.01,0.01,1.0,0.99975,100,100,100,/Users/yanyuming/Downloads/GitHub/llama3_interpretability_sae/ablation_datasets-dense/indian_politics/imq-l22-f49592,42
indian_politics,imq,IMQ SAE,2,max,22.971994400024414,0.02,0.01,1.0,0.99975,100,100,100,/Users/yanyuming/Downloads/GitHub/llama3_interpretability_sae/ablation_datasets-dense/indian_politics/imq-l22-f49592,42
indian_politics,imq,IMQ SAE,5,max,17.505452156066895,0.05,0.04,1.0,0.99975,100,100,100,/Users/yanyuming/Downloads/GitHub/llama3_interpretability_sae/ablation_datasets-dense/indian_politics/imq-l22-f49592,42
indian_politics,imq,IMQ SAE,10,max,9.60568642616272,0.1,0.11,1.0,0.99975,100,100,100,/Users/yanyuming/Downloads/GitHub/llama3_interpretability_sae/ablation_datasets-dense/indian_politics/imq-l22-f49592,42
indian_politics,imq,IMQ SAE,20,max,3.4291746616363525,0.12,0.15,1.0,0.99975,100,100,100,/Users/yanyuming/Downloads/GitHub/llama3_interpretability_sae/ablation_datasets-dense/indian_politics/imq-l22-f49592,42
indian_politics,jumprelu,JumpReLU SAE,1,max,48.435564041137695,0.01,0.03,0.11,0.7825,100,100,100,/Users/yanyuming/Downloads/GitHub/llama3_interpretability_sae/ablation_datasets-dense/indian_politics/jumprelu-l11-f19405,42
indian_politics,jumprelu,JumpReLU SAE,2,max,47.941795349121094,0.02,0.03,0.12,0.7825,100,100,100,/Users/yanyuming/Downloads/GitHub/llama3_interpretability_sae/ablation_datasets-dense/indian_politics/jumprelu-l11-f19405,42
indian_politics,jumprelu,JumpReLU SAE,5,max,45.794410705566406,0.05,0.05,0.19,0.7825,100,100,100,/Users/yanyuming/Downloads/GitHub/llama3_interpretability_sae/ablation_datasets-dense/indian_politics/jumprelu-l11-f19405,42
indian_politics,jumprelu,JumpReLU SAE,10,max,42.53168296813965,0.1,0.14,0.36,0.7825,100,100,100,/Users/yanyuming/Downloads/GitHub/llama3_interpretability_sae/ablation_datasets-dense/indian_politics/jumprelu-l11-f19405,42
indian_politics,jumprelu,JumpReLU SAE,20,max,37.92728233337402,0.2,0.26,0.65,0.7825,100,100,100,/Users/yanyuming/Downloads/GitHub/llama3_interpretability_sae/ablation_datasets-dense/indian_politics/jumprelu-l11-f19405,42
indian_politics,kernel,SUR SAE,1,max,21.503604888916016,0.01,0.01,1.0,1.0,100,100,100,/Users/yanyuming/Downloads/GitHub/llama3_interpretability_sae/ablation_datasets-dense/indian_politics/kernel-l22-f49592,42
indian_politics,kernel,SUR SAE,2,max,16.908126831054688,0.02,0.02,1.0,1.0,100,100,100,/Users/yanyuming/Downloads/GitHub/llama3_interpretability_sae/ablation_datasets-dense/indian_politics/kernel-l22-f49592,42
indian_politics,kernel,SUR SAE,5,max,13.573944091796875,0.05,0.02,1.0,1.0,100,100,100,/Users/yanyuming/Downloads/GitHub/llama3_interpretability_sae/ablation_datasets-dense/indian_politics/kernel-l22-f49592,42
indian_politics,kernel,SUR SAE,10,max,8.590283870697021,0.1,0.11,1.0,1.0,100,100,100,/Users/yanyuming/Downloads/GitHub/llama3_interpretability_sae/ablation_datasets-dense/indian_politics/kernel-l22-f49592,42
indian_politics,kernel,SUR SAE,20,max,3.396289348602295,0.12,0.12,1.0,1.0,100,100,100,/Users/yanyuming/Downloads/GitHub/llama3_interpretability_sae/ablation_datasets-dense/indian_politics/kernel-l22-f49592,42
indian_politics,relu,ReLU SAE,1,max,5.961158990859985,0.01,0.03,1.0,0.9993,100,100,100,/Users/yanyuming/Downloads/GitHub/llama3_interpretability_sae/ablation_datasets-dense/indian_politics/relu-l11-f27622,42
indian_politics,relu,ReLU SAE,2,max,5.75039005279541,0.02,0.03,1.0,0.9993,100,100,100,/Users/yanyuming/Downloads/GitHub/llama3_interpretability_sae/ablation_datasets-dense/indian_politics/relu-l11-f27622,42
indian_politics,relu,ReLU SAE,5,max,3.8240787982940674,0.05,0.03,1.0,0.9993,100,100,100,/Users/yanyuming/Downloads/GitHub/llama3_interpretability_sae/ablation_datasets-dense/indian_politics/relu-l11-f27622,42
indian_politics,relu,ReLU SAE,10,max,3.0961081981658936,0.1,0.05,1.0,0.9993,100,100,100,/Users/yanyuming/Downloads/GitHub/llama3_interpretability_sae/ablation_datasets-dense/indian_politics/relu-l11-f27622,42
indian_politics,relu,ReLU SAE,20,max,2.1111804246902466,0.2,0.15,1.0,0.9993,100,100,100,/Users/yanyuming/Downloads/GitHub/llama3_interpretability_sae/ablation_datasets-dense/indian_politics/relu-l11-f27622,42
indian_politics,repreg,RepReg SAE,1,max,14.946997165679932,0.01,0.01,1.0,0.99925,100,100,100,/Users/yanyuming/Downloads/GitHub/llama3_interpretability_sae/ablation_datasets-dense/indian_politics/repreg-l22-f39863,42
indian_politics,repreg,RepReg SAE,2,max,9.898475170135498,0.02,0.03,1.0,0.99925,100,100,100,/Users/yanyuming/Downloads/GitHub/llama3_interpretability_sae/ablation_datasets-dense/indian_politics/repreg-l22-f39863,42
indian_politics,repreg,RepReg SAE,5,max,4.236972808837891,0.04,0.05,1.0,0.99925,100,100,100,/Users/yanyuming/Downloads/GitHub/llama3_interpretability_sae/ablation_datasets-dense/indian_politics/repreg-l22-f39863,42
indian_politics,repreg,RepReg SAE,10,max,4.236972808837891,0.04,0.05,1.0,0.99925,100,100,100,/Users/yanyuming/Downloads/GitHub/llama3_interpretability_sae/ablation_datasets-dense/indian_politics/repreg-l22-f39863,42
indian_politics,repreg,RepReg SAE,20,max,4.236972808837891,0.04,0.05,1.0,0.99925,100,100,100,/Users/yanyuming/Downloads/GitHub/llama3_interpretability_sae/ablation_datasets-dense/indian_politics/repreg-l22-f39863,42
indian_politics,sigreg,SigReg SAE,1,max,16.620984077453613,0.01,0.01,1.0,0.99955,100,100,100,/Users/yanyuming/Downloads/GitHub/llama3_interpretability_sae/ablation_datasets-dense/indian_politics/sigreg-l22-f39863,42
indian_politics,sigreg,SigReg SAE,2,max,12.023213386535645,0.02,0.01,1.0,0.99955,100,100,100,/Users/yanyuming/Downloads/GitHub/llama3_interpretability_sae/ablation_datasets-dense/indian_politics/sigreg-l22-f39863,42
indian_politics,sigreg,SigReg SAE,5,max,4.733473777770996,0.04,0.06,1.0,0.99955,100,100,100,/Users/yanyuming/Downloads/GitHub/llama3_interpretability_sae/ablation_datasets-dense/indian_politics/sigreg-l22-f39863,42
indian_politics,sigreg,SigReg SAE,10,max,4.733473777770996,0.04,0.06,1.0,0.99955,100,100,100,/Users/yanyuming/Downloads/GitHub/llama3_interpretability_sae/ablation_datasets-dense/indian_politics/sigreg-l22-f39863,42
indian_politics,sigreg,SigReg SAE,20,max,4.733473777770996,0.04,0.06,1.0,0.99955,100,100,100,/Users/yanyuming/Downloads/GitHub/llama3_interpretability_sae/ablation_datasets-dense/indian_politics/sigreg-l22-f39863,42
indian_politics,sigregrepreg,SigReg + RepReg,1,max,28.122194290161133,0.01,0.01,1.0,0.99975,100,100,100,/Users/yanyuming/Downloads/GitHub/llama3_interpretability_sae/ablation_datasets-dense/indian_politics/sigregrepreg-l22-f49592,42
indian_politics,sigregrepreg,SigReg + RepReg,2,max,21.542266845703125,0.02,0.02,1.0,0.99975,100,100,100,/Users/yanyuming/Downloads/GitHub/llama3_interpretability_sae/ablation_datasets-dense/indian_politics/sigregrepreg-l22-f49592,42
indian_politics,sigregrepreg,SigReg + RepReg,5,max,16.04300546646118,0.05,0.05,1.0,0.99975,100,100,100,/Users/yanyuming/Downloads/GitHub/llama3_interpretability_sae/ablation_datasets-dense/indian_politics/sigregrepreg-l22-f49592,42
indian_politics,sigregrepreg,SigReg + RepReg,10,max,10.134459495544434,0.1,0.12,1.0,0.99975,100,100,100,/Users/yanyuming/Downloads/GitHub/llama3_interpretability_sae/ablation_datasets-dense/indian_politics/sigregrepreg-l22-f49592,42
indian_politics,sigregrepreg,SigReg + RepReg,20,max,2.1810860633850098,0.13,0.14,1.0,0.99975,100,100,100,/Users/yanyuming/Downloads/GitHub/llama3_interpretability_sae/ablation_datasets-dense/indian_politics/sigregrepreg-l22-f49592,42
photo_captions,batchtopk,BatchTopK SAE,1,max,inf,0.0,0.0,0.0,1.0,100,100,64,/Users/yanyuming/Downloads/GitHub/llama3_interpretability_sae/ablation_datasets-dense/photo_captions/batchtopk-l11-f59639,42
photo_captions,batchtopk,BatchTopK SAE,2,max,inf,0.0,0.0,0.0,1.0,100,100,64,/Users/yanyuming/Downloads/GitHub/llama3_interpretability_sae/ablation_datasets-dense/photo_captions/batchtopk-l11-f59639,42
photo_captions,batchtopk,BatchTopK SAE,5,max,inf,0.0,0.0,0.0,1.0,100,100,64,/Users/yanyuming/Downloads/GitHub/llama3_interpretability_sae/ablation_datasets-dense/photo_captions/batchtopk-l11-f59639,42
photo_captions,batchtopk,BatchTopK SAE,10,max,inf,0.0,0.0,0.0,1.0,100,100,64,/Users/yanyuming/Downloads/GitHub/llama3_interpretability_sae/ablation_datasets-dense/photo_captions/batchtopk-l11-f59639,42
photo_captions,batchtopk,BatchTopK SAE,20,max,inf,0.0,0.0,0.0,1.0,100,100,64,/Users/yanyuming/Downloads/GitHub/llama3_interpretability_sae/ablation_datasets-dense/photo_captions/batchtopk-l11-f59639,42
photo_captions,dense,PLRDC SAE,1,max,5.664566516876221,0.01,0.0,1.0,1.0,100,100,64,/Users/yanyuming/Downloads/GitHub/llama3_interpretability_sae/ablation_datasets-dense/photo_captions/dense-l11-f37802,42
photo_captions,dense,PLRDC SAE,2,max,4.246031880378723,0.02,0.01,1.0,1.0,100,100,64,/Users/yanyuming/Downloads/GitHub/llama3_interpretability_sae/ablation_datasets-dense/photo_captions/dense-l11-f37802,42
photo_captions,dense,PLRDC SAE,5,max,1.7659732103347778,0.03,0.01,1.0,1.0,100,100,64,/Users/yanyuming/Downloads/GitHub/llama3_interpretability_sae/ablation_datasets-dense/photo_captions/dense-l11-f37802,42
photo_captions,dense,PLRDC SAE,10,max,1.7659732103347778,0.03,0.01,1.0,1.0,100,100,64,/Users/yanyuming/Downloads/GitHub/llama3_interpretability_sae/ablation_datasets-dense/photo_captions/dense-l11-f37802,42
photo_captions,dense,PLRDC SAE,20,max,1.7659732103347778,0.03,0.01,1.0,1.0,100,100,64,/Users/yanyuming/Downloads/GitHub/llama3_interpretability_sae/ablation_datasets-dense/photo_captions/dense-l11-f37802,42
photo_captions,gatedsae,Gated SAE,1,max,2.9279932975769043,0.01,0.04,1.0,1.0,100,100,64,/Users/yanyuming/Downloads/GitHub/llama3_interpretability_sae/ablation_datasets-dense/photo_captions/gatedsae-l11-f6779,42
photo_captions,gatedsae,Gated SAE,2,max,2.653920888900757,0.02,0.06,1.0,1.0,100,100,64,/Users/yanyuming/Downloads/GitHub/llama3_interpretability_sae/ablation_datasets-dense/photo_captions/gatedsae-l11-f6779,42
photo_captions,gatedsae,Gated SAE,5,max,2.4380158185958862,0.05,0.07,1.0,1.0,100,100,64,/Users/yanyuming/Downloads/GitHub/llama3_interpretability_sae/ablation_datasets-dense/photo_captions/gatedsae-l11-f6779,42
photo_captions,gatedsae,Gated SAE,10,max,2.196044921875,0.1,0.14,1.0,1.0,100,100,64,/Users/yanyuming/Downloads/GitHub/llama3_interpretability_sae/ablation_datasets-dense/photo_captions/gatedsae-l11-f6779,42
photo_captions,gatedsae,Gated SAE,20,max,1.8515098690986633,0.2,0.25,1.0,1.0,100,100,64,/Users/yanyuming/Downloads/GitHub/llama3_interpretability_sae/ablation_datasets-dense/photo_captions/gatedsae-l11-f6779,42
photo_captions,relu,ReLU SAE,1,max,2.657702326774597,0.01,0.05,1.0,1.0,100,100,64,/Users/yanyuming/Downloads/GitHub/llama3_interpretability_sae/ablation_datasets-dense/photo_captions/relu-l11-f20504,42
photo_captions,relu,ReLU SAE,2,max,2.4953932762145996,0.02,0.07,1.0,1.0,100,100,64,/Users/yanyuming/Downloads/GitHub/llama3_interpretability_sae/ablation_datasets-dense/photo_captions/relu-l11-f20504,42
photo_captions,relu,ReLU SAE,5,max,2.106546998023987,0.05,0.12,1.0,1.0,100,100,64,/Users/yanyuming/Downloads/GitHub/llama3_interpretability_sae/ablation_datasets-dense/photo_captions/relu-l11-f20504,42
photo_captions,relu,ReLU SAE,10,max,1.9838154911994934,0.1,0.12,1.0,1.0,100,100,64,/Users/yanyuming/Downloads/GitHub/llama3_interpretability_sae/ablation_datasets-dense/photo_captions/relu-l11-f20504,42
photo_captions,relu,ReLU SAE,20,max,1.688313364982605,0.2,0.25,1.0,1.0,100,100,64,/Users/yanyuming/Downloads/GitHub/llama3_interpretability_sae/ablation_datasets-dense/photo_captions/relu-l11-f20504,42
