candidate_id,family_id,proposed_bucket,source_row_index,text,matched_query_blocks,matched_terms,matched_family_ids,final_label,keep_for_benchmark,label_confidence,primary_reason,exclusion_trigger,notes
507840719fb93226,us_legislative_governance,positive,63953,"Then there’s the claim that states have standing to challenge this executive order because they have state schools where students or faculty may be affected, thus depriving them of the ability to provide an enriching educational experience.",process_and_regulation,executive order,us_legislative_governance,,,,,,
ec36f001f82e9522,us_legislative_governance,positive,2618,Kelly does not need the confirmation of the state Senate or any other body.,institution_anchor,senate,us_legislative_governance,,,,,,
cc31d6b4c10cf6f6,us_legislative_governance,positive,81191,The Senate was designed to represent each State equally regardless of its population.,institution_anchor,senate,us_legislative_governance,,,,,,
b0442105650bdd95,us_legislative_governance,positive,19021,"Like Democrats in Congress who ignore the cost of entitlements, Christie will argue, Booker failed to do the “big things.”

Christie’s been to war before as a federal prosecutor, challenger to Corzine, and chief surrogate for Romney.",institution_anchor,congress,us_legislative_governance,,,,,,
5ab8b7748c3fc7b6,us_legislative_governance,positive,58505,Facebook COO Sheryl Sandberg has expressed regret over her company’s oversight in regards to its removal of an iconic Vietnam War photo.,process_and_regulation,oversight,us_legislative_governance,,,,,,
95bbfd526183c096,us_legislative_governance,positive,74287,"“At this point, the records are intended for investigative use only—we understand that a resolution from the Senate may be required if the Department were to use any of the un-redacted materials in a formal legal proceeding, such as a grand jury,” Boyd added.",institution_anchor,senate,us_legislative_governance,,,,,,
50153167ec9f51d0,us_legislative_governance,positive,15901,"He said the Obama administration will ask Congress to establish a new Base Closure and Realignment Commission, which would enforce another round of military base closures nationwide.",institution_anchor,congress,us_legislative_governance,,,,,,
34ff1a47460ad768,us_legislative_governance,positive,20077,"“You also contact the person (from Congress), you will also get it,” she said.",institution_anchor,congress,us_legislative_governance,,,,,,
1bd9b531c24859f6,us_legislative_governance,positive,110317,"A second Hong Kong delegate to China’s rubber-stamp National People’s Congress, Peter Wong, said he supported the proposal, RTHK said.",institution_anchor,congress,us_legislative_governance,,,,,,
31ac2279428f3301,us_legislative_governance,positive,27340,All such developments can be evidenced in this biomarker congress.,institution_anchor,congress,us_legislative_governance,,,,,,
3d226fdc604852fa,us_legislative_governance,positive,63987,"The judges took a sloppily rolled out — but ultimately legal — executive order and used it to set potential precedents that, if left standing, will have calamitous repercussions.",process_and_regulation,executive order,us_legislative_governance,,,,,,
c60b802a344f036c,us_legislative_governance,positive,60429,"The list is a product of Trump’s Executive Order 13768, Enhancing Public Safety in the Interior of the United States, which instructed the ICE Director to make this report public.",process_and_regulation,executive order,us_legislative_governance,,,,,,
f9da1809ae86911c,us_legislative_governance,positive,63492,"RMU Professor of Political Science Philip Harold said, “This means that Republicans in Congress might have an incentive to make this a bigger issue,” said Harold.",institution_anchor,congress,us_legislative_governance,,,,,,
6f1f4756352e825c,us_legislative_governance,positive,79449,"It seeks to address all of these concerns and, more than anything, to vault Senate Democrats over the biggest obstacle to locking down 60 votes for their larger health care bill.",institution_anchor,senate,us_legislative_governance,,,,,,
1e4dc5f6129bb9fe,us_legislative_governance,positive,37263,Republicans in Congress have vowed to continue investigating the IRS targeting.,institution_anchor,congress,us_legislative_governance,,,,,,
be47ce361a44e98d,us_legislative_governance,positive,89070,"He thought he might nail the 14 Senate Democrats who’d fled the state on an ethics violation, if their lodging was paid for by unions.",institution_anchor,senate,us_legislative_governance,,,,,,
001046bccf871965,us_legislative_governance,positive,121700,"But in recent months, the Kochs have committed more resources to backing Trump's agenda, including a multimillion-dollar campaign to help push Trump's tax cuts through the GOP-controlled Congress.",institution_anchor,congress,us_legislative_governance,,,,,,
f2017b2ed30bdc0d,us_legislative_governance,positive,120669,"— “Guns Kill Civil Society,” says State Department Nominee

Tuesday, June 23, 2009

Senate Majority Leader Harry Reid has scheduled a Wednesday vote on a State Department nominee who supports gun control on a global scale.",institution_anchor,senate,us_legislative_governance,,,,,,
5996cd2f9e2b371d,us_legislative_governance,positive,81150,"But since there have been no serious proposals to abolish the United States Senate on these grounds, why should such an argument be used to abolish the lesser case of the Electoral College?",institution_anchor,senate,us_legislative_governance,,,,,,
df0ecf6da0b77204,us_legislative_governance,positive,17920,"These survey findings should compel Democrats running for Congress and governor next year, and for president in 2020, to promote a bolder progressive policy agenda.",institution_anchor,congress,us_legislative_governance,,,,,,
98831ecd3df7d94b,us_legislative_governance,positive,77574,"The federal agency is forecasting a high of -3 C on Thursday, with a 40 per cent chance of flurries.",institution_anchor,federal agency,us_legislative_governance,,,,,,
8f08ee759cf80cef,us_legislative_governance,positive,108057,"The Navy's giving Congress two choices: Either operate on half today's cruiser fleet for the next 30 years, or face the prospect of going 100% ""cruiser-less"" after 2028.",institution_anchor,congress,us_legislative_governance,,,,,,
30c35be871d48f19,us_legislative_governance,positive,103527,"Sen. Lisa Murkowski, R-Ala., said she supported a number of components already found in Obamacare, also known as the Affordable Care Act, that the Senate Republican health care bill would likely strip away.",institution_anchor,senate,us_legislative_governance,,,,,,
0bf22267aa83f097,us_legislative_governance,positive,79353,"— Michael Grunwald (@MikeGrunwald) May 31, 2015

In 1972, a week after Biden was elected to the Senate at the age of 29, his wife and daughter were killed in a car crash.",institution_anchor,senate,us_legislative_governance,,,,,,
c421a5c21d179ef0,us_legislative_governance,positive,61838,"The Republicans, who stood in opposition to Obama's policies, won control of the House of Representatives with a landslide in 2010 and control of the Senate in 2014.",institution_anchor,house of representatives;senate,us_legislative_governance,,,,,,
6ace3656f83c05d1,us_legislative_governance,positive,10879,"Sadly, even though polls for the last 70 years have consistently shown a majority of Americans support a single payer system, Congress is bought and paid for by health insurance companies.",institution_anchor,congress,us_legislative_governance,,,,,,
44e309488c6ab5a6,us_legislative_governance,positive,59581,"(Patrick T. Fallon for The Washington Post)

INDIAN WELLS, Calif. — Leaders of the influential Koch network on Sunday expressed opposition to President Trump's ban on refugees and immigrants from Muslim-majority countries, saying the executive order is not in keeping with their aims to build a free and open society.",process_and_regulation,executive order,us_legislative_governance,,,,,,
114eb0ca5a5273b4,us_legislative_governance,positive,5435,"Third and finally, Roberts (and Kennedy) can find adequate Supreme Court precedent for the view that the Commerce Clause of the Constitution gives Congress and the president the power to regulate healthcare — given that heathcare coverage (or lack of coverage) in one state so obviously affects other states; that the market for health insurance is already national in many respects; and that other national laws governing insurance (Social Security and Medicare, for example) require virtually everyone to pay (in these cases, through mandatory contributions to the Social Security and Medicare trust funds).",institution_anchor,congress,us_legislative_governance,,,,,,
c62a9d54ab300b11,us_legislative_governance,positive,106052,"In a surprising example of legislators devising an intelligent law that actually fixes the problem, Congress enacted Dodd-Frank, which prevents lenders from making bad loans to unqualified borrowers.",institution_anchor,congress,us_legislative_governance,,,,,,
f2d1514d3012c19b,us_legislative_governance,positive,20058,"The crowds largely consisted of people from the Malad, Kandivli, Charkop areas, including Malwani, Congress MLA Aslam Shaikh’s stronghold.",institution_anchor,congress,us_legislative_governance,,,,,,
70d28d3ffa935121,us_legislative_governance,positive,2517,There is a good chance the proposed cuts to evidence-based medicine research won’t be enacted in this appropriations cycle.,process_and_regulation,appropriations,us_legislative_governance,,,,,,
1b1cbe6498e4d978,us_legislative_governance,positive,117693,Yesterday New York Governor Andrew Cuomo signed an executive order barring law enforcement officials from inquiring about the citizenship status of suspects during investigations.,process_and_regulation,executive order,us_legislative_governance,,,,,,
8d2da33403982432,us_legislative_governance,positive,98251,"Tat was bought out of a THQ bankrupcy, and it was developed by an external studio with oversight from 2K, so it’s a totally different situation.",process_and_regulation,oversight,us_legislative_governance,,,,,,
6809515b50e08f51,us_legislative_governance,positive,19614,"When dominion status was the last concession Linlithgow was willing to grant to India, the ministers of the Congress resigned in protest.",institution_anchor,congress,us_legislative_governance,,,,,,
14dc6185e0430167,us_legislative_governance,positive,101737,"""Leadership, I must fully admit, was provided primarily from women in the Senate,"" McCain said after the bipartisan deal was announced.",institution_anchor,senate,us_legislative_governance,,,,,,
cab5a49ef1e40fd1,us_legislative_governance,positive,30264,"On the eve of the meeting, the cabinet secretary, Sir Robert Armstrong, told Thatcher that Howe had suggested ""and you agreed"" that the CPRS should be asked to prepare a paper outlining possible ways of making significant changes to the scale and pattern of public expenditure.",institution_anchor,cabinet secretary,us_legislative_governance,,,,,,
eaa76e3ef9855908,us_legislative_governance,positive,111162,This is an organization that is desperate for a thorough clean-up and maniacal regulatory oversight.,process_and_regulation,oversight,us_legislative_governance,,,,,,
ab8d0bf5770e567d,us_legislative_governance,positive,44952,"Advertisement

#7: Post the Gujarat 2012 election, when it became clear that Modi would be the obvious prime ministerial candidate of the BJP, the Congress got Afzal Guru hanged – not without reason – but with the explicit purpose of showing it could be tougher than Modi in hanging anti-nationals.",institution_anchor,congress,us_legislative_governance,,,,,,
c0fabf8c1ea67117,us_legislative_governance,positive,88155,)The basic problem with the military justice system in cases of sexual assault -- as outlined in horrific detail by the military women and experts featured inand by members of Congress during hearings -- is that it combines the dynamics of the workplace with the problem of crime investigation.,institution_anchor,congress,us_legislative_governance,,,,,,
97a5a13129f23aab,us_legislative_governance,positive,32812,"After the Las Vegas murders, Sen. Brian Schatz Brian Emanuel SchatzDems mock Trump's pitch for Fourth of July celebration Democrats brush off GOP 'trolling' over Green New Deal GOP Green New Deal stunt is a great deal for Democrats MORE (D-Hawaii) urged Congress to “take a stand against gun violence by passing common-sense gun safety laws.” On Monday, after the mass murder in Texas, he wrote, “A simple idea: Anyone convicted of domestic abuse should see their rights under the 2nd Amendment severely curtailed.” On Tuesday, Sen. Jeff Flake Jeffrey (Jeff) Lane FlakeBrexit and exit: A transatlantic comparison Poll: 33% of Kentucky voters approve of McConnell Trump suggests Heller lost reelection bid because he was 'hostile' during 2016 presidential campaign MORE (R-Ariz.) announced that he and Sen. Martin Heinrich Martin Trevor HeinrichOvernight Defense: Dems aim to block use of defense funds for wall | Watchdog issues new warning on Syria withdrawal | Trump wants to 'watch Iran' from Iraq Senate Dems introduce bill to block Trump from using military funds to build wall Puerto Rico statehood supporters pin hopes on House action MORE (D-N.M.) are writing a bill “to prevent anyone convicted of domestic violence — be it in criminal or military court — from buying a gun.",institution_anchor,congress;senate,us_legislative_governance,,,,,,
d8f8c4a3e90f3fc4,us_legislative_governance,positive,91914,"Other aspects of the rave are right under your nose, in Chicago’s Congress Theater, at festivals like EDC or Miami’s Ultra and in college fraternities across the country.",institution_anchor,congress,us_legislative_governance,,,,,,
afa41091d900aa3f,us_legislative_governance,positive,28114,How do we get from the total DoD appropriations to the larger cost figure that Crawford gives?,process_and_regulation,appropriations,us_legislative_governance,,,,,,
4e5b8e7b0d93d235,us_legislative_governance,positive,62639,"Commenting on the public’s current low opinion of Congress, Pelosi said “Congress has always been a mockery since the beginning of our country”:

“Congress has always -- let`s put this in perspective -- Congress has always been a mockery since the beginning of our country and if you looked at the history of it, they`ve always been fighting over one thing or another.",institution_anchor,congress,us_legislative_governance,,,,,,
1dcb0d2b1a4b491a,us_legislative_governance,positive,92326,He said leaders were betting that some Republicans who defected on votes this week would feel more pressure to support any bill that emerged from negotiations with the House to face a final vote in the Senate.,institution_anchor,senate,us_legislative_governance,,,,,,
5738339fdb8da816,us_legislative_governance,positive,75687,"While the Senate tax plan could certainly go further in taxing the rich, focusing on the megawealthy makes sense considering how much of our economy is now controlled by them.",institution_anchor,senate,us_legislative_governance,,,,,,
9821c554feccb711,us_legislative_governance,positive,79502,"And even if Senate Democrats reach consensus, the wrangling over the public plan is not finished.",institution_anchor,senate,us_legislative_governance,,,,,,
616f5a908fb5d3a9,us_legislative_governance,positive,41886,"For example, individuals have a significantly lower level of confidence in Congress and the executive branch of the federal government when they experience poor economic conditions while they are coming of age.",institution_anchor,congress,us_legislative_governance,,,,,,
ef8f8e285920b3e2,us_legislative_governance,positive,72974,Congress on Wednesday voted to re-open the government and extend its borrowing authority through February of next year.,institution_anchor,congress,us_legislative_governance,,,,,,
ab96b1f4107c4cc2,us_legislative_governance,positive,96839,"A senior official with the Centers for Medicare and Medicaid Services, part of the Department of Health and Human Services and the government’s lead agency on Obamacare implementation, said it has taken steps to tighten contractor oversight.",process_and_regulation,oversight,us_legislative_governance,,,,,,
4894253ff58239e3,us_legislative_governance,positive,34323,And stood in front of the American people and saying I really don’t care if congress likes this or not.,institution_anchor,congress,us_legislative_governance,,,,,,
fd0438f088821310,us_legislative_governance,positive,35116,"white people don't like you too) https://t.co/O0zdyElNbH — AAmom (@AVD911) January 17, 2017

@realDonaldTrump and @HouseGOP are under fire🔥,and already proving they can't handle this much power(Senate& Exec Office).",institution_anchor,senate,us_legislative_governance,,,,,,
604a68d198db36af,us_legislative_governance,positive,97787,"See, for example, Executive Order 13768 of January 25, 2017 on ""Enhancing Public Safety in the Interior of the United States.""",process_and_regulation,executive order,us_legislative_governance,,,,,,
f745ae5c7fb37bef,us_legislative_governance,positive,100915,"I mean, there’s a lot of really credible people covering this subject,” said UFO Congress co-organizer and paranormal journalist Maureen Elsberry.",institution_anchor,congress,us_legislative_governance,,,,,,
a39b8133b735226e,us_legislative_governance,positive,76612,"""Congress has to proceed very carefully here.",institution_anchor,congress,us_legislative_governance,,,,,,
b5cae94bb91209ac,us_legislative_governance,positive,69511,"Sen. Jeff Kruse, R-Roseburg, carried the bill to the Senate floor and made the case that it is really a conservative bill.",institution_anchor,senate,us_legislative_governance,,,,,,
459f1b77745655a3,us_legislative_governance,positive,2817,"Also present at the celebration that was closed to the press, were Dr Ami Bera, on the brink of becoming the first Indian American physician elected to the US Congress from the 7th District in California, and Kumar Barve, the majority leader in the Maryland House of Delegates, and the most senior Indian American legislator who was elected to the State Assembly nearly two decades ago.",institution_anchor,congress,us_legislative_governance,,,,,,
6368b231720652a3,us_legislative_governance,positive,96165,"The failure of Congress' deficit supercommittee last month means $1.2 trillion in cuts over the next 10 years, with half from defense.",institution_anchor,congress,us_legislative_governance,,,,,,
4c57c4d35acb0e7a,us_legislative_governance,positive,36772,"While Brazil was represented last year and Russia and China this year, there is no participation from India.The VR World Congress, to be held in Bristol, UK is expected to see participation from the brightest minds of the VR industry and world leaders in VR such as AMD, HTC and Samsung.",institution_anchor,congress,us_legislative_governance,,,,,,
35de0cdf1f3a2638,us_legislative_governance,positive,79081,"The bill was cobbled together late in the session by the governor’s former executive counsel, Jimmy Faircloth, and switched to a different Senate committee hours before a hearing on it.",institution_anchor,senate,us_legislative_governance,,,,,,
db5ad3ce77590c18,us_legislative_governance,positive,95165,The letter comes one day before Sessions is to appear before the Judiciary panel for a Justice Department oversight hearing.,process_and_regulation,oversight,us_legislative_governance,,,,,,
06a3bca256ba459b,us_legislative_governance,positive,76603,But the House of Representatives realigned P30 billion of the DepEd's budget to the Commission on Higher Education (CHED) to help fund Republic Act No.,institution_anchor,house of representatives,us_legislative_governance,,,,,,
73932ecd1cfd0b7d,us_legislative_governance,positive,68958,"Republican U.S. Senate candidate Roy Moore pauses as he addresses supporters at his election night party in Montgomery, Ala. Moore's loss spells trouble for the so-called Trump effect.",institution_anchor,senate,us_legislative_governance,,,,,,
44ced0a859d1f4db,us_legislative_governance,positive,503,"After news reports published last Wednesday made it clear that Jefferson Beauregard Sessions III had deceived the Senate regarding his interactions with Russian officials, there were immediate demands that the attorney general recuse himself from investigations into issues relating to those lies and that he resign as the nation’s chief law-enforcement officer.",institution_anchor,senate,us_legislative_governance,,,,,,
7dfd1615edc5ef49,us_legislative_governance,positive,104395,"While China isn’t part of the deal, which Congress will vote on, President Barack Obama has said Beijing could eventually join it.",institution_anchor,congress,us_legislative_governance,,,,,,
f65106adb0a247a9,us_legislative_governance,positive,39305,Repealing the Affordable Care Act’s (ACA’s) individual mandate in the tax bill is being characterized by some Senators as a catalyst for Congress to replace the health law next year.,institution_anchor,congress,us_legislative_governance,,,,,,
c4841e0317fcab1d,us_legislative_governance,positive,37262,"Mr. Koskinen, however, vowed to try again early this year, though with both chambers of Congress firmly in the hands of the Republican Party, he may have a tougher time getting those rules through congressional scrutiny.",institution_anchor,congress,us_legislative_governance,,,,,,
eba9de80191f61df,us_legislative_governance,positive,52960,"There are two basic areas of the space sector where Australia is failing:

strategic oversight and development of nationally important space services strategic investment to exploit a growing multi-billion dollar space market

To support the first, Australia needs a space agency, and for the second it needs a space program.",process_and_regulation,oversight,us_legislative_governance,,,,,,
3dda04baa73d8fcd,us_legislative_governance,positive,104152,"), who also joined the Senate last year, plans to speak as well.",institution_anchor,senate,us_legislative_governance,,,,,,
8e3be406cac2056b,us_legislative_governance,positive,8919,Bhonsle Srimant Pratapsinh -- He is the Nationalist Congress Party candidate who won from Satara in Maharashtra.,institution_anchor,congress,us_legislative_governance,,,,,,
bad96fdd6c812962,us_legislative_governance,positive,93379,The Polish communist leader Bolesław Bierut died in Moscow under mysterious circumstances shortly after attending the 20th Congress.,institution_anchor,congress,us_legislative_governance,,,,,,
4ae2de31e23b44da,us_legislative_governance,positive,18971,This is a Congress that is beyond dysfunctional.,institution_anchor,congress,us_legislative_governance,,,,,,
595f161ca1ca94d2,us_legislative_governance,positive,90069,"Some members of the Senate, including Conservative Sen. Don Plett, have expressed misgivings about the bill, including the notion that “gender expression” is not an identifiable group.",institution_anchor,senate,us_legislative_governance,,,,,,
fef9da705c78af60,us_legislative_governance,positive,35493,"April 14, 1999: Independent counsel Ken Starr testified to the Senate Governmental Affairs Committee that the act should not be renewed as, in his view, it is a violation of the separation of powers.",institution_anchor,senate,us_legislative_governance,,,,,,
8c4f9ebce73e0e2c,us_legislative_governance,positive,65999,"Rice also parroted the Democratic line, used by Senate Majority Leader Harry Reid as justification for his decision not to form a Senate select committee, that 25,000 documents have already been turned over to Congress.",institution_anchor,congress;senate,us_legislative_governance,,,,,,
fb69d04298069a08,us_legislative_governance,positive,62071,"[411] Leadership in the Senate includes Republican Vice President Mike Pence, Republican President Pro Tempore Chuck Grassley, Majority Leader Mitch McConnell, and Minority Leader Chuck Schumer.",institution_anchor,senate,us_legislative_governance,,,,,,
3e11f72cebca7eaa,us_legislative_governance,positive,36771,"CHENNAI: The VR World Congress, scheduled for 12 April 2016 will see participation from over 600 buyers, sellers and developers from VR and its surrounding industries from across the globe.",institution_anchor,congress,us_legislative_governance,,,,,,
7a2fe8de2201a639,us_legislative_governance,positive,79452,"The new insurance plans would be overseen by a federal agency, the Office of Personnel Management, which now runs the Federal Employees Health Benefits Program and directly negotiates prices and benefits packages with private insurance companies.",institution_anchor,federal agency,us_legislative_governance,,,,,,
93bdf9ed603c2801,us_legislative_governance,positive,20055,All routes to the ground were decorated with Congress posters and banners.,institution_anchor,congress,us_legislative_governance,,,,,,
0cc48480e32dfb8c,us_legislative_governance,positive,49412,"Speaking to the Wall Street Journal at the Mobile World Congress in Barcelona, Spain, Pai said that AT&T's purchase of Time Warner has been structured in a way that would allow it to avoid FCC scrutiny by not transferring any airwave licenses between the two companies.",institution_anchor,congress,us_legislative_governance,,,,,,
ab7d1f644a9a1e6a,us_legislative_governance,positive,101442,"Boehner managed to win back the tea party wing of his party by pairing the spending bill with a stricter measure rolling back President Barack Obama’s Deferred Action for Childhood Arrivals (DACA) program, an executive order that granted two-year waivers to 580,000 so-called DREAMers, young undocumented immigrants who grew up in the US.",process_and_regulation,executive order,us_legislative_governance,,,,,,
d811bce2050dd41c,us_legislative_governance,positive,83550,"In the ad, Steyer criticizes Trump's actions on health care, immigration and the environment, and says a Republican Congress impeached Bill Clinton William (Bill) Jefferson ClintonInviting Kim Jong Un to Washington Howard Schultz must run as a Democrat for chance in 2020 Trump says he never told McCabe his wife was 'a loser' MORE for less.",institution_anchor,congress,us_legislative_governance,,,,,,
aa18a7d384b74b73,us_legislative_governance,positive,89266,"One lawsuit challenging Trump’s executive order, and citing the case Garland was involved in, is already working its way through the courts, and more are expected.",process_and_regulation,executive order,us_legislative_governance,,,,,,
85f7c850dda2265d,us_legislative_governance,positive,97464,Obama has been steadily and stealthily pushing the Trans Pacific Partnership (TPP) through Congress over and against the public’s understandable suspicion of such “free trade” (investor rights) agreements.,institution_anchor,congress,us_legislative_governance,,,,,,
78b190fa037b8ef5,us_legislative_governance,positive,60956,"Related: Facebook pulls feature that helped advertisers target anti-Semitic users

Facebook will add more human reviewers as well as oversight to its automated processes, she said.",process_and_regulation,oversight,us_legislative_governance,,,,,,
150ab890a162bb65,us_legislative_governance,positive,95486,Individuals under the $829 billion Senate Finance Committee plan would be required to purchase health insurance coverage or face a fine of up to $750.,institution_anchor,senate,us_legislative_governance,,,,,,
62d1d59a32e500c2,us_legislative_governance,positive,68948,"Jones, a former prosecutor, became the first Democrat in 25 years from the deeply red state to be elected to the U.S. Senate seat, edging out his Republican rival Roy Moore, an accused child molester and Bible-quoting former judge, in a test of the limits of political tribalism.",institution_anchor,senate,us_legislative_governance,,,,,,
73246243ae4e6cb9,us_legislative_governance,positive,96159,The legislation freezes $700 million for Pakistan until the defense secretary provides Congress a report on how Islamabad is countering the threat of improvised explosive devices.,institution_anchor,congress,us_legislative_governance,,,,,,
fd32d20cf209a2c0,us_legislative_governance,positive,68976,"To his chagrin, Gray said, Democrats can ""absolutely"" retake the Senate in November 2018.",institution_anchor,senate,us_legislative_governance,,,,,,
a4ac478eb48589ba,us_legislative_governance,positive,94278,"ADVERTISEMENT

The editorial board urges voters in Alabama to consider Sen. Richard Shelby Richard Craig ShelbyBottom Line Senate plots to avoid fall shutdown brawl How the border deal came together MORE’s (R-Ala.) path and reasoning behind his choice to write in a Republican rather then cast his vote for Moore.",institution_anchor,senate,us_legislative_governance,,,,,,
fff594c5219dfb5b,us_legislative_governance,positive,104397,U.S. manufacturers and some members of Congress have also decried the lack of a currency segment.,institution_anchor,congress,us_legislative_governance,,,,,,
e7ad7b4fb3025f74,us_legislative_governance,positive,116921,"[15]

The Act of August 10, 1917, as amended, was repealed along with a number of other authorized-for-wartime measures in a joint resolution of Congress on March 3, 1921 by effectively declaring the wartime emergency still in effect at the time as formally over.",institution_anchor,congress,us_legislative_governance,,,,,,
fde78b92a6029c17,us_legislative_governance,positive,64488,"In 1996, it was deemed ""culturally, historically, or aesthetically significant"" by the United States Library of Congress and selected for preservation in the National Film Registry.",institution_anchor,congress,us_legislative_governance,,,,,,
01fa3f851495b84c,us_legislative_governance,positive,104413,"Find out more

Shashi Tharoor is a former minister in India's Congress party and a former UN diplomat.",institution_anchor,congress,us_legislative_governance,,,,,,
4f560058f60ed46c,us_legislative_governance,positive,96204,"Analyzing the Democratic Party’s options, NPR’s Nina Totenberg observes:

In the unlikely event that Democrats could block Gorsuch with a filibuster, the Republican leadership would certainly exercise the so-called “nuclear option” and simply unblock the nomination by getting rid of the filibuster rule for Supreme Court nominations.",process_and_regulation,filibuster,us_legislative_governance,,,,,,
a7376d1c78bb5b6e,us_legislative_governance,positive,30454,"I mean, you can’t do that, and then have no surveillance, or no oversight whatsoever.",process_and_regulation,oversight,us_legislative_governance,,,,,,
5eea86eb85cc4f68,us_legislative_governance,positive,101457,"Earlier this month, Cruz introduced a bill in the Senate to defund Obama’s policy of deferring deportation for young undocumented immigrants, legislation that was a non-starter in the Democrat-controlled upper chamber.",institution_anchor,senate,us_legislative_governance,,,,,,
9feb542ff1a87caf,us_legislative_governance,positive,59368,So was the quote an oversight?,process_and_regulation,oversight,us_legislative_governance,,,,,,
8b1b2e698f4b9597,us_legislative_governance,positive,96175,"It's a troubling sign for a party that already expects to lose more seats in Congress this year and indicates that John McCain continues to be saddled by the baggage of President Bush's last eight years, says one observer.",institution_anchor,congress,us_legislative_governance,,,,,,
1cbac1c356c2f3fc,us_legislative_governance,positive,95152,"In a letter to the House Judiciary Committee, which is holding an oversight hearing Tuesday, the Justice Department said Sessions had directed senior federal prosecutors to “evaluate certain issues” recently raised by Republican lawmakers.",process_and_regulation,oversight,us_legislative_governance,,,,,,
96aa102026fccaf8,us_legislative_governance,positive,15886,"Many analysts say that the chances of that happening are small, and that Obama and Congress are likely to work out a compromise ahead of time.",institution_anchor,congress,us_legislative_governance,,,,,,
4386da55c99c7736,us_legislative_governance,local_hard_negative,679852,But some new internal polling by Democrats hints at a dynamic that appears to be taking shape and is interesting in its own right: It may be too late for Republicans to gain much from distancing themselves from Trump.,elections_and_crime_confounders,polling,,,,,,,
83e93c029883f1f3,us_legislative_governance,local_hard_negative,484629,"I was polling at 5% the day before Election Day.”

Which segued to the ultimate question to the ultimate bomb-thrower: So who can we blame?",elections_and_crime_confounders,polling,,,,,,,
e7081c1c1ccaf284,us_legislative_governance,local_hard_negative,330075,"""We support the efforts of the Sunrise Police Department to arrest people who are trying to buy drugs to sell in communities, whether our community or others,"" said Michael Jacobs, executive director.",elections_and_crime_confounders,police department,,,,,,,
2dca9b57e4320c1a,us_legislative_governance,local_hard_negative,484626,Three percent seems low given that Johnson and Stein are polling at 9% and 3% respectively — but Nader is nothing if not a bucket of cold water on America’s collective fever dream.,elections_and_crime_confounders,polling,,,,,,,
e5dfe7cec4700516,us_legislative_governance,local_hard_negative,669410,"Union [ edit ]

The Chicago Police Department became unionized at the end of 1980.",elections_and_crime_confounders,police department,,,,,,,
704d64029f4e7000,us_legislative_governance,local_hard_negative,28714,"The ordeal began hours prior, when someone reported a man was throwing bottles against an apartment complex, the Los Angeles Police Department said.",elections_and_crime_confounders,police department,,,,,,,
e7e62e7a28dca1ba,us_legislative_governance,local_hard_negative,669424,"[11]

1968 Democratic National Convention [ edit ]

Film shot by DASPO of the protests and Chicago police and military response to the protests

Both Daley and the Chicago Police Department faced a great deal of criticism for the department's actions during the 1968 Democratic National Convention, which was held in Chicago from August 26 to 29, 1968.",elections_and_crime_confounders,police department,,,,,,,
dd21d0989c7bbe2d,us_legislative_governance,local_hard_negative,643132,The Seattle Police Department’s foray into Nextdoor is a product of its broader attempt to reconnect with the community it serves after being placed under a Justice Department consent decree in 2012.,elections_and_crime_confounders,police department,,,,,,,
9ee9b0208165d662,us_legislative_governance,local_hard_negative,397321,"""And you know what, I'm not sure the police department does either.",elections_and_crime_confounders,police department,,,,,,,
d3037031de0c183f,us_legislative_governance,local_hard_negative,487604,Elkhart Mayor Tim Neese has pulled all of the Elkhart Police Department’s body cameras off the streets.,elections_and_crime_confounders,police department,,,,,,,
17cac1753750966d,us_legislative_governance,local_hard_negative,186757,"The Union Leader’s endorsement clearly was unable to dent the Trump whirlwind, but New Hampshire is a swing state in the general election and while the polling has consistently favored Hillary Clinton in head-to-head matchups, the race has tightened.",elections_and_crime_confounders,polling,,,,,,,
d5130acb2c2bac64,us_legislative_governance,local_hard_negative,383835,"That same day, federal prosecutors filed sealed criminal charges against him, including theft, “unauthorized communication of national defense information” and “willful communication of classified communications intelligence information to an unauthorized person.”

The fact that the U.S. government asked Hong Kong to detain Snowden emerged Friday when The Washington Post disclosed the contents of the sealed criminal complaint.",elections_and_crime_confounders,criminal charges,,,,,,,
dc781131b927de2c,us_legislative_governance,local_hard_negative,90689,"When asked what people who feel trapped in an physically abusive relationship should do, Maiorana answered, ""If you’re in a domestic violence situation and you have a spouse who is stalking you, contact your local police department.",elections_and_crime_confounders,police department,,,,,,,
742ded48fd8bac3f,us_legislative_governance,local_hard_negative,658845,"App users: View full article here

According to the Roswell Police Department, a woman called 911 just before 4:00 Sunday afternoon after seeing a dog left in a parked car outside the Studio Movie Grill on Holcomb Bridge Road.",elections_and_crime_confounders,police department,,,,,,,
d331e74d7c3c8b1b,us_legislative_governance,local_hard_negative,572364,"Hillary Clinton stops at a polling place in Nashua, N.H., on Tuesday.",elections_and_crime_confounders,polling,,,,,,,
a34395d8d6238455,us_legislative_governance,local_hard_negative,669379,"In 1875, the Illinois General Assembly found that the police commissioners were unable to control rampant corruption within the Chicago Police Department.",elections_and_crime_confounders,police department,,,,,,,
b2ba3351fade02a1,us_legislative_governance,local_hard_negative,224669,Paul's 21.4 percent came in pretty much exactly as he'd been polling for the ten days prior.,elections_and_crime_confounders,polling,,,,,,,
8ab868aca1f9606f,us_legislative_governance,local_hard_negative,271078,"According to recent polling, a majority of Americans adults under the age of 30 now reject capitalism, although that does not translate into automatic support for socialism.",elections_and_crime_confounders,polling,,,,,,,
6578ee6515383840,us_legislative_governance,local_hard_negative,18928,"It was unlike anything I had seen before.”

The Seattle Police Department is expected to brief the Seattle City Council Wednesday afternoon about the actions officers took on May 1.",elections_and_crime_confounders,police department,,,,,,,
b1befac0a5cd132e,us_legislative_governance,local_hard_negative,406782,"City records show that the Tucson Police Department has destroyed 4,820 guns since the beginning of 2013.",elections_and_crime_confounders,police department,,,,,,,
a31c2791aa733618,us_legislative_governance,local_hard_negative,240844,Infowars was unable to reach the Kent Police Department for questions.,elections_and_crime_confounders,police department,,,,,,,
0c513c476c7d4cb8,us_legislative_governance,local_hard_negative,315552,It doesn't take criminals off the street because criminal charges are rarely filed.,elections_and_crime_confounders,criminal charges,,,,,,,
5a82ef05a669ffcb,us_legislative_governance,local_hard_negative,68970,"Political strategist Stephen Bannon speaks at a Moore campaign rally in Midland City, Ala., on Monday.",elections_and_crime_confounders,campaign rally,,,,,,,
8e0b9f8c1686a594,us_legislative_governance,local_hard_negative,397315,"""The Charlottesville Police Department has done exactly that by utilizing its funding to appropriately address higher priority crimes in our city than marijuana possession.",elections_and_crime_confounders,police department,,,,,,,
b85553c190140eb1,us_legislative_governance,local_hard_negative,106649,"Other nuggets from primary election voting in Champaign-Urbana:

— More Democratic ballots were drawn in every one of Urbana's 23 precincts and in all but two of Champaign's 39 precincts.",elections_and_crime_confounders,primary election,,,,,,,
8157ad7ec77ffb56,us_legislative_governance,benchmark_hard_negative,39782,Who aside from a rare books dealer would spend $100 sending a book from China to London?,china,china,china,,,,,,
fec028421314b2d7,us_legislative_governance,benchmark_hard_negative,3466,"The Chinese economy, too, would have been entangled in a deep crisis, and would have dropped away as a motor for the global economy - including for German enterprises.",china,chinese;chinese economy,china,,,,,,
b13d303424f9f4fe,us_legislative_governance,benchmark_hard_negative,13428,Rising demand in China and India will push coal past oil as the two Asian powerhouses will need to rely on the comparatively cheaper fuel to power their economies.,china,china,china,,,,,,
4a034d1df6591a0c,us_legislative_governance,benchmark_hard_negative,3443,"Chancellor Angela Merkel arrived in Chengdu in southern China last Saturday (5.7.2014) with two dozen top managers in tow, including five heads of DAX-listed companies.",china,china,china,,,,,,
344b8a7fb7c0a59e,us_legislative_governance,benchmark_hard_negative,10316,"There are new accusations that the Justice Department colluded with the Clinton campaign about the Democratic candidate's court cases, according to new revelations in emails released by WikiLeaks.",us_electoral_politics,candidate,us_electoral_politics,,,,,,
cd37a34977afdcf9,us_legislative_governance,benchmark_hard_negative,13151,"And walking between pallets piled high with jams and chutneys, Tingting is excited about China’s new breed of gastronomic adventurers.",china,china,china,,,,,,
fe80263c0f687439,us_legislative_governance,benchmark_hard_negative,3125,"Nikita Tryamkin, brought over from Russia at the end of the season in 2016, has not looked out of place, despite being held out of games early for being reportedly out of shape.",russia_post_soviet,russia,russia_post_soviet,,,,,,
a6e0a87014e237a7,us_legislative_governance,benchmark_hard_negative,8174,She insisted that Australians are calling out for a 'strong leader' like Putin in an interview on Insiders.,russia_post_soviet,putin,russia_post_soviet,,,,,,
775fb113d69ab64e,us_legislative_governance,benchmark_hard_negative,17667,"The Chinese would need to secure North Korean archives, which will likely show their complicity in the Kim family’s weapons programs and its horrific crimes.",china,chinese,china,,,,,,
48d47eb87be6f544,us_legislative_governance,benchmark_hard_negative,43215,"In a move that Amnesty described as ""deliberately reminiscent of the Cold War,"" Mr Putin has brought in a new law which requires any organisation that receives funding from abroad to describe themselves as ""foreign agents"" if they are considered to be involved in undefined ""political activities"".",russia_post_soviet,putin,russia_post_soviet,,,,,,
b491bfe712e77dc4,us_legislative_governance,benchmark_hard_negative,3475,"Over the next few years, Beijing envisions higher wages for the middle classes and plans to pull an additional 200 million people out of poverty in western China.",china,beijing;china,china,,,,,,
ad398f17da391369,us_legislative_governance,benchmark_hard_negative,30268,"THREE and a half years into a war that has left 200,000 dead, forced more than 10m from their homes and sucked in America, Russia and a host of regional meddlers, the UN has a new plan for Syria: “Aleppo first”.",russia_post_soviet,russia,russia_post_soviet,,,,,,
6ea49975a6470d94,us_legislative_governance,benchmark_hard_negative,18886,But we don’t really have any reason to think China isn’t serious about the Paris accord.,china,china,china,,,,,,
d7d85f49ca4320f9,us_legislative_governance,benchmark_hard_negative,24492,"In a historic shift, China overtook the country as the world's second largest economy last year.",china,china,china,,,,,,
d6391e4be396c214,us_legislative_governance,benchmark_hard_negative,36476,"Xia Jun, a lawyer with the Environment and Resources Law Committee of the All China Lawyers Association, told the Global Times on Tuesday that the interpretation will not be sufficient given that some local governments tend to offer protection to major polluters who contribute to local GDP.",china,china,china,,,,,,
a90bcb7760dab5a9,us_legislative_governance,benchmark_hard_negative,3471,"Beijing no longer wants to be the world's workbench, it wants China to be more innovative - and the Germans are expected to help.",china,beijing;china,china,,,,,,
174055064dbe888e,us_legislative_governance,benchmark_hard_negative,35070,"English and French “Palestine,” German Palästina, Polish Palestyna, Russian Палестина: this was the standard word in European languages, used by Jews no less than by others, for the country whose greater part was renamed Israel after 1948.",russia_post_soviet,russian,russia_post_soviet,,,,,,
f286ea81dd745a76,us_legislative_governance,benchmark_hard_negative,18283,I want to speak Spanish and Armenian and Russian.,russia_post_soviet,russian,russia_post_soviet,,,,,,
9382fbfa2a7d1949,us_legislative_governance,benchmark_hard_negative,24769,"www.foapom.com (July 7-Sept. 1)

Russian River Jazz and Blues: Over its 40-plus-year history this summer swan song has hosted legions of musical legends, including Etta James and Buddy Guy.",russia_post_soviet,russian,russia_post_soviet,,,,,,
401b65937191f1c7,us_legislative_governance,benchmark_hard_negative,8456,The intelligence community’s efforts to do their jobs and expose the connections between the Trump camp and the Russian government have been met with insults and attacks from our hypersensitive President as he attempts to paint them as the enemy and sides with the Russians against the men and women who work tirelessly to keep our nation safe from foreign threats.,russia_post_soviet,russian,russia_post_soviet,,,,,,
95975066a74df202,us_legislative_governance,benchmark_hard_negative,27684,"Despite the fact that the ""capitalist roaders"" have run China without any significant resistance within the leadership since 1976, the PSL still maintains that the CCP should not have been overthrown in 1989.",china,ccp;china,china,,,,,,
b5476f5402f3045b,us_legislative_governance,benchmark_hard_negative,37599,But it turns out the multi-year Russian offer was nowhere near as lucrative as the $4 million per season that was originally reported.,russia_post_soviet,russian,russia_post_soviet,,,,,,
952ba5298a854a7c,us_legislative_governance,benchmark_hard_negative,33492,"However, the Russian defence ministry has denied that its aircraft carried out any strikes on the city.",russia_post_soviet,russian,russia_post_soviet,,,,,,
69f2297700c680cf,us_legislative_governance,benchmark_hard_negative,37670,"China also dominates when it comes to building new solar PV plants, adding 34.5GW last year.",china,china,china,,,,,,
2eae9776a412b8c2,us_legislative_governance,benchmark_hard_negative,6729,"LGD is to pay Sylar his promotional fees for China Joy, as well as DSL prize money

It is easy to see from all this, that the ACE Alliance has a certain amount of influence watching over transfers and related activities, helping clubs and players maintain their rights in the process.",china,china,china,,,,,,
5744a4ca6f6aa1f6,us_legislative_governance,benchmark_hard_negative,34078,"There is no reason to believe that the new figure of $2,000,000,000,000 in capital flight from China has shifted to other than those 4 top destinations in any material way.",china,china,china,,,,,,
b8a0d60f026d13e8,us_legislative_governance,benchmark_hard_negative,6085,"READ MORE: Citizens see situation in Russia as ‘normal’ but expect crisis to deepen, poll shows

In September Levada pollsters released the results of research that showed that over 80 percent of Russians are currently unwilling to participate in mass protests over political or economic issues.",russia_post_soviet,russia,russia_post_soviet,,,,,,
e905f2dbfca1122b,us_legislative_governance,benchmark_hard_negative,27687,It would have been a step forward for Chinese workers if the 1989 uprising had won more rights.,china,chinese,china,,,,,,
f0af067033c1318f,us_legislative_governance,benchmark_hard_negative,13057,"Harding spends quite a few pages discussing Carter Page, a businessman who appeared on RT and gave a talk at the Higher School of Economics in Moscow, and who at one point had a marginal role in the Trump election campaign.",russia_post_soviet,moscow,russia_post_soviet,,,,,,
a5a906acbc9beead,us_legislative_governance,benchmark_hard_negative,3473,There's no way to prevent the Chinese from slowly turning into competitors for German manufacturers.,china,chinese,china,,,,,,
10a4cec3bc107c14,us_legislative_governance,benchmark_hard_negative,8457,"Just this morning, Trump decided to smear last night’s bombshell report on the Trump camp’s continued contacts with Russian officials during the election as “illegal:”

The real scandal here is that classified information is illegally given out by ""intelligence"" like candy.",russia_post_soviet,russian,russia_post_soviet,,,,,,
9cb7120e91a4212f,us_legislative_governance,benchmark_hard_negative,13433,China - already the top consumer - will drive two-thirds of the growth in global coal use this decade.,china,china,china,,,,,,
0328f6ec46aa807c,us_legislative_governance,benchmark_hard_negative,27216,"UN Security Council resolution 1973, which authorized the Libya campaign, used very similar language to the August 7 resolution on Iraq: it referred to ""widespread and systematic attacks"" against the civilian population, which ""may amount to crimes against humanity.""",russia_post_soviet,security council,russia_post_soviet,,,,,,
6e83f0c27095d24e,us_legislative_governance,benchmark_hard_negative,37101,"He was raised in the family home in the grounds of the Mariinsky Hospital for the Poor, which was in a lower class district on the edges of Moscow.",russia_post_soviet,moscow,russia_post_soviet,,,,,,
6edcd1462134cc7f,us_legislative_governance,benchmark_hard_negative,2447,"Israel Accused of Suppressing Terror Evidence to Help Out New Pal China

Israel is a country desperate for friends.",china,china,china,,,,,,
bc07ab7c94120e24,us_legislative_governance,benchmark_hard_negative,16914,"Still to come are Italy, Russia, Spain and Latin America this weekend.",russia_post_soviet,russia,russia_post_soviet,,,,,,
c99b6ba8e7d9dcca,us_legislative_governance,benchmark_hard_negative,504,Sessions announced Thursday afternoon that he would recuse himself from any examination of Russian involvement with President Trump’s campaign.,russia_post_soviet,russian,russia_post_soviet,,,,,,
e39a249e4b5262c7,us_legislative_governance,benchmark_hard_negative,27681,"Nor that Mao himself closed ranks with the rest of the CCP leadership to put an end to the Cultural Revolution, out of fear that society would get out of control.",china,ccp,china,,,,,,
419169d9f451f2d4,us_legislative_governance,benchmark_hard_negative,3468,"German firms make good money inChina

It's fine to clearly state one's point of view toward China, but it would be inappropriate to complain too much about the conditions there.",china,china,china,,,,,,
b6198536a5568738,us_legislative_governance,benchmark_hard_negative,8712,"Other Russian firms that made the ranking were the United Aircraft Corp., which owns Sukhoi, MiG and Irkut, and saw revenues rise 7 percent to $6.2 billion; Russian Helicopters, which finished at $3.96 billion, up 16 percent over 2013; and the United Engine-building Company, which saw a 25 percent increase over 2013 revenues to $3.3 billion in 2014.",russia_post_soviet,russian,russia_post_soviet,,,,,,
43205d2abd12725c,us_legislative_governance,benchmark_hard_negative,18868,"“Not a big fan because other countries don’t adhere to it, and China doesn’t adhere to it, and China’s spewing into the atmosphere,” he said.",china,china,china,,,,,,
a76746a13a39e138,us_legislative_governance,benchmark_hard_negative,34095,Our thoughts here on why an extradition treaty with China will help Canada return the treasury of China back to its people.,china,china,china,,,,,,
efc30ed330aa3d43,us_legislative_governance,benchmark_hard_negative,29371,"[2]

Covering 9,984,670 km2 or 3,855,100 sq mi (land: 9,093,507 km2 or 3,511,023 sq mi; freshwater: 891,163 km2 or 344,080 sq mi), Canada is slightly less than three-fifths as large as Russia and slightly smaller than Europe.",russia_post_soviet,russia,russia_post_soviet,,,,,,
a1978821e349d3d1,us_legislative_governance,benchmark_hard_negative,38717,"Now, the US presidential candidate’s qualification has come under fire from more than 17,000 signatories who are demanding that the university strip him of the qualification following his intent to ban Muslims from entering America if elected.",us_electoral_politics,candidate,us_electoral_politics,,,,,,
04fcbb2c388b1428,us_legislative_governance,benchmark_hard_negative,27697,No one knows how many people died in the Chinese military's crushing of the Tiananmen revolt.,china,chinese,china,,,,,,
12ac509e5df24f32,us_legislative_governance,benchmark_hard_negative,22305,"Two German forensic pathologists are also on their way to Ukraine, as is a six-strong British team, Nos television said.",russia_post_soviet,ukraine,russia_post_soviet,,,,,,
b72655077ce215cf,us_legislative_governance,benchmark_hard_negative,42249,"He returned to Moscow and in 1975 was posted under diplomatic cover in the United States, where he commanded the KGB’s station in New York until 1979.",russia_post_soviet,moscow,russia_post_soviet,,,,,,
384d8f79ff530dbe,us_legislative_governance,benchmark_hard_negative,27691,"He sides with CCP leader Li Peng, who said there were ""sufficient human rights"" in China--just prior to ordering troops to crush the Tiananmen resistance.",china,ccp;china,china,,,,,,
214c86f89d06d80a,us_legislative_governance,benchmark_hard_negative,24237,"You know, things like toasting each other with champagne every night for a week, lounging on the beach and giggling as we call each other Mr. and Mrs. Baseel, or beating the hell out of a convenience store clerk, like the Chinese newlyweds who are not only just married, but were also just arrested in Japan.",china,chinese,china,,,,,,
295a789ab3d5d2f4,us_legislative_governance,benchmark_hard_negative,43801,"The use of coal, the main fuel source in China, may rise by 3% due to stronger growth in industrial production and lower hydro-power generation due to less rainfall.",china,china,china,,,,,,
5987a57d474517d1,us_legislative_governance,benchmark_hard_negative,27111,"1 Republican primary candidate, although Sanders and Democratic nominee Hillary Clinton each garnered more votes.",us_electoral_politics,candidate,us_electoral_politics,,,,,,
f7eeb22552417bea,us_legislative_governance,benchmark_hard_negative,27686,"On this basis, the Tiananmen movement is slandered, and the CCP is defended for crushing the uprising by students and workers--with the same logic that the PSL and its forerunner, the Workers' World Party, used in supporting USSR assaults on Hungary to put down the 1956 revolution and on Czechoslovakia in 1968 against the Prague Spring.",china,ccp,china,,,,,,
75de6719f2f22c11,us_legislative_governance,benchmark_hard_negative,6091,"He said Mr Davies had been happy to take part, but on the basis that one candidate took part in the three Welsh TV debates.",us_electoral_politics,candidate,us_electoral_politics,,,,,,
de1e5c10e9187c17,us_legislative_governance,benchmark_hard_negative,2693,"""Because Taiwan's occupy movement was successful, Hong Kong people felt it was also possible for them,"" said Mr Lai.",china,hong kong,china,,,,,,
a9155e59fc8cd085,us_legislative_governance,benchmark_hard_negative,34166,"As Bloomberg reports, the head of the world’s largest metals exchange said while volumes in China’s commodity futures markets have become phenomenal, it’s possible some traders don’t even know what it is they are buying or selling.",china,china,china,,,,,,
ae5d74cabe992ee1,us_legislative_governance,benchmark_hard_negative,577,Two sources at Russian Railways said the company had suffered a “huge” cyber attack and a small number of computers were infected without damaging any important files.,russia_post_soviet,russian,russia_post_soviet,,,,,,
df505d024cc1433d,us_legislative_governance,benchmark_hard_negative,48925,"Following the release of a CIA report that concluded Russian hackers interfered with the election to help secure the White House for Trump, Oswalt shared a no-holds-barred post on Facebook expressing his disgust at the state of American politics.",russia_post_soviet,russian,russia_post_soviet,,,,,,
6c84d3a2aa46f73c,us_legislative_governance,benchmark_hard_negative,9127,"“There’s only one candidate who will cancel that student debt and who will bail out the students like we bailed out Wall Street — the crooks who crashed the economy.”

Referring to that 43 million people, Stein said the bloc “is enough to win a three-way presidential race and the numbers it takes to turn the election on its head.”

Stein also discussed the need for a “Green New Deal,” the idea to create millions of jobs by making the transition to 100 percent clean renewable energy by 2030.",us_electoral_politics,candidate;presidential race,us_electoral_politics,,,,,,
926b9ebc63c9d9ab,us_legislative_governance,benchmark_hard_negative,13070,Steele’s dossier alleged that Trump had hired prostitutes while on a trip to Moscow.,russia_post_soviet,moscow,russia_post_soviet,,,,,,
e5cf4c5570e27c74,us_legislative_governance,benchmark_hard_negative,583,"COMPUTER PIRACY

The frequent use of pirated software in Russia also helped spread the Wannacry infection, investigators said, as unlicensed products do not receive security updates.",russia_post_soviet,russia,russia_post_soviet,,,,,,
15f0b84b45833799,us_legislative_governance,benchmark_hard_negative,13006,"This is pretty funny behaviour for a Kremlin agent, and Harding has to admit that, “It’s unclear to what extent, if any, Manafort was involved in supplying intelligence to Russia.” This doesn’t fit with the conclusion that Harding obviously wants readers to draw – that Manafort was a Kremlin agent, and so Trump must be too.",russia_post_soviet,kremlin;russia,russia_post_soviet,,,,,,
a3660aefb4b44ffc,us_legislative_governance,benchmark_hard_negative,10038,"Why would Obama do anything at all for the Persians, stemming from giving them drone technology to removing sanctions, to paying them billions for the release of US hostages?",russia_post_soviet,sanctions,russia_post_soviet,,,,,,
6d044136c6c02c30,us_legislative_governance,benchmark_hard_negative,6100,"He said: ""With the Secretary of State unwilling to take part in the General Election debates, Andrew was more than happy to fill in - but that agreement was reached on the basis that it would be best for the party to put forward one candidate for all of the programmes.",us_electoral_politics,candidate,us_electoral_politics,,,,,,
9fff12d04ace9139,us_legislative_governance,benchmark_hard_negative,49637,“Denmark will become a part of the threat against Russia.,russia_post_soviet,russia,russia_post_soviet,,,,,,
d4b3e2ba95dafac8,us_legislative_governance,benchmark_hard_negative,27259,"The sanctions, Obama promised, would “snap back into place” if Iran didn’t meet its obligations.",russia_post_soviet,sanctions,russia_post_soviet,,,,,,
247e4130491e4ea8,us_legislative_governance,benchmark_hard_negative,34168,"“I don’t think most people who trade it know what it is.” Trading of commodity futures in China from steel reinforcement bars -- a benchmark product used in construction -- to iron ore, coking coal and cotton has ballooned this month on an unprecedented surge in retail investor interest.",china,china,china,,,,,,
6546a4fbf7c821f3,us_legislative_governance,benchmark_hard_negative,46855,"4% of Xunlei (Price: $5 million, Date: January 4, 2007)

Xunlei is a Chinese file-sharing website that supports BitTorrent, FTP, eDonkey, etc.",china,chinese,china,,,,,,
b9f96e1309b5b5fb,us_legislative_governance,benchmark_hard_negative,49196,"In response to anchor Katie Couric's question, ""What do you think is the biggest potential landmine for him,"" Greenfield responded: ""You know, I think it's everything from an untoward photo opportunity -- [former Democratic presidential candidate Michael] Dukakis in a tank -- to a misstatement that makes it seem to critics that he really does not know the nature of the terrain that he's -- that he's talking about.""",us_electoral_politics,candidate,us_electoral_politics,,,,,,
c9695c0e34badb21,us_legislative_governance,benchmark_hard_negative,49087,"""The nation joins China, Denmark, the U.S. and other countries in developing offshore wind farms.",china,china,china,,,,,,
9188da41202556e2,us_legislative_governance,benchmark_hard_negative,27698,"What we can say for sure is that the protesters and ordinary people in Beijing suffered the brunt of the violence--not the Chinese military, as Becker absurdly claims.",china,beijing;chinese,china,,,,,,
204517d5a51b9e3f,us_legislative_governance,benchmark_hard_negative,34072,"Another way of looking at it is that the proceeds of corruption that flew out of China and landed in the US, Canada, Australia and the Netherlands is more than the entire economies of each of over 100 countries including the economy of Spain, Mexico, South Korea, Australia, Turkey or Switzerland.",china,china,china,,,,,,
7ec185b9cebb8321,us_legislative_governance,benchmark_hard_negative,3108,And we may be seeing the last of Hong Kong as we know it — stable and prosperous — as we stagger into an even more uncertain future.,china,hong kong,china,,,,,,
1c7732dfa25b004c,us_legislative_governance,benchmark_hard_negative,34319,"Wednesday on Hugh Hewitt’s radio show, Republican presidential candidate and former Gov.",us_electoral_politics,candidate,us_electoral_politics,,,,,,
8e49643fb4356f74,us_legislative_governance,benchmark_hard_negative,3109,This article appeared in the Hong Kong Economic Journal on June 17.,china,hong kong,china,,,,,,
786c6476e0de2814,us_legislative_governance,benchmark_hard_negative,12988,"At the start of the book, for instance, Harding introduces Christopher Steele, who prepared an infamous dossier purportedly based on secret sources within the Kremlin, which made all sort of extreme accusations against Trump.",russia_post_soviet,kremlin,russia_post_soviet,,,,,,
f5615a7c2422c7f7,us_legislative_governance,medium_negative,117978,"[Blockchain illustration by CoinTelegraph.com](https://blog.blockchain.com/content/images/2014/07/theblockchain.jpg)](https://blog.blockchain.com/content/images/2014/07/theblockchain.jpg)

[What is the Blockchain?",crypto_blockchain,blockchain,crypto_blockchain,,,,,,
d945df192840d032,us_legislative_governance,medium_negative,23681,"The Nasa 'space drink' that can rub out sun spots: Fruit juice developed to protect astronauts reduces wrinkles and reverses the telltale signs of ageing in four months

These startling images may prove that a fruit drink developed by Nasa to protect astronauts from radiation can rejuvenate the skin.",aviation_aerospace,nasa,aviation_aerospace,,,,,,
5ddfd2c61c19bf6d,us_legislative_governance,medium_negative,16985,"A few weeks ago at TechCrunch Disrupt, Braintree CEO Bill Ready said that it was adding Bitcoin as a payment to its SDK.",crypto_blockchain,bitcoin,crypto_blockchain,,,,,,
e6428a571f76b466,us_legislative_governance,medium_negative,111758,"Several of the top positions in the merged Boeing were assigned to executives who had previously worked in St. Louis, where the heritage of McDonnell Aircraft had been one of fighter and attack aircraft for the military.",aviation_aerospace,aircraft;boeing,aviation_aerospace,,,,,,
b31db41eb65542d2,us_legislative_governance,medium_negative,79866,How was Bitcoin capturing so much attention in this moment in the history of money.,crypto_blockchain,bitcoin,crypto_blockchain,,,,,,
b2a12628f75acfca,us_legislative_governance,medium_negative,103217,"By the same token, characters are more memorable when they're more than just models for skimpy outfits.",crypto_blockchain,token,crypto_blockchain,,,,,,
01819d99ab93906f,us_legislative_governance,medium_negative,42409,"Despite its mushrooming value, however, Bank of England Deputy Governor Jon Cunliffe said on Wednesday bitcoin was not big enough to pose a risk to the global economy.",crypto_blockchain,bitcoin,crypto_blockchain,,,,,,
c8f6205309bcc303,us_legislative_governance,medium_negative,109073,"Make the Safe Choice - Be Aware of Your Surroundings

SEPTA Expands Distracted Commuting Program with Bus Turn Alert Pilot Program

View the transcript

A new pilot program launched by SEPTA on Monday, March 16, 2015 will audibly warn pedestrians in the vicinity of a bus when the vehicle is making a turn.",aviation_aerospace,pilot,aviation_aerospace,,,,,,
25eecbb942453e3a,us_legislative_governance,medium_negative,79940,"The ideologies are not necessarily restricted to libertarianism, but in general I would say, Bitcoin reflects the imaginations of the Internet: the idea that the Internet allows us to build things ourselves.",crypto_blockchain,bitcoin,crypto_blockchain,,,,,,
2498ace036f47f5a,us_legislative_governance,medium_negative,87525,"This communication nightmare between Corrine and the airline is enough to make any mother never want to allow her child to ever fly alone, but on top of that, Maggie was on her plane for more than nine hours and none of the employees who were meant to be caring for her gave her anything to eat.",aviation_aerospace,airline,aviation_aerospace,,,,,,
4d222c8651a6fbbc,us_legislative_governance,medium_negative,60295,"The payload, landing gear, and arms of the aircraft attach with quick-snap connectors so the Galaxy R8700 goes from out-of-the-box to preflight in just a few minutes.",aviation_aerospace,aircraft;payload,aviation_aerospace,,,,,,
ff2013872b800e2c,us_legislative_governance,medium_negative,12807,The airline is only excused liability if it can show its failure was caused by these ill-defined exceptional circumstances.,aviation_aerospace,airline,aviation_aerospace,,,,,,
88cb3fd1b0eb0ef6,us_legislative_governance,medium_negative,82134,"Human pilot voices, a radar screen, 12 different real-world airports, plus an awesome soundtrack make this game a must-have for anyone who likes aviation.",aviation_aerospace,pilot,aviation_aerospace,,,,,,
26b310b256a8d8c2,us_legislative_governance,medium_negative,11388,Sarah Yu is making headlines for listing her white 2006 Jetta for just eight Bitcoin.,crypto_blockchain,bitcoin,crypto_blockchain,,,,,,
4fbd8555a189f263,us_legislative_governance,medium_negative,16978,"Through partnerships with BitPay, Coinbase and GoCoin, PayPal will let its merchants accept bitcoin for digital goods transactions.",crypto_blockchain,bitcoin;coinbase,crypto_blockchain,,,,,,
d4a6b2367b50cd45,us_legislative_governance,medium_negative,5706,"Is SpaceX working with NASA, then?",aviation_aerospace,nasa;spacex,aviation_aerospace,,,,,,
43638234f395a6d4,us_legislative_governance,medium_negative,79685,"Double Spend Protection: Using input locking and checking on reorganizations, can prevent a transaction from ever being able to be overwritten by a longer blockchain after a checkpoint eliminating any threat of 51% attacks.",crypto_blockchain,blockchain,crypto_blockchain,,,,,,
70a7a5ce3b6fd359,us_legislative_governance,medium_negative,77926,The compact APS13 radar [center] was used in some fighter aircraft of that era and also for altitude sensing in the first atomic bombs.,aviation_aerospace,aircraft,aviation_aerospace,,,,,,
ddbc74a1024cc199,us_legislative_governance,medium_negative,32323,He was also a pilot doing aerial photography.,aviation_aerospace,pilot,aviation_aerospace,,,,,,
c57582533d67ea76,us_legislative_governance,medium_negative,79911,And Bitcoin?,crypto_blockchain,bitcoin,crypto_blockchain,,,,,,
759b21c687924503,us_legislative_governance,medium_negative,78031,"They gave rise to a host of vehicular, mining, industrial, public safety, and novel airport applications.",crypto_blockchain,mining,crypto_blockchain,,,,,,
8a2d13ce0d165dda,us_legislative_governance,medium_negative,12821,"The court recognised that a warning by the aircraft manufacturer leading to the removal from service of an entire fleet, or mechanical defects caused by terrorists or sabotage, could be treated differently.",aviation_aerospace,aircraft,aviation_aerospace,,,,,,
b01601cbc54f2b8a,us_legislative_governance,medium_negative,39857,"gsrcrxsi

Offline

Activity: 294

Merit: 250

Sr. MemberActivity: 294Merit: 250 Re: [ANN][Pool][Profit-Switch][Optional Auto-Exchange per Coin][Vardiff] ~ Hashcows December 24, 2013, 07:08:33 PM #1807 I'm sure the amount that HC has been taking in from fees and their own mining is plenty to cover this 40BTC loss.",crypto_blockchain,mining,crypto_blockchain,,,,,,
13e069522a64f6c7,us_legislative_governance,medium_negative,108044,"While sometimes dispatched on solo missions, or to lead a surface combatant task force, these cruisers' primary purpose is heading up the air defense squadrons protecting America's 11 aircraft carriers.",aviation_aerospace,aircraft,aviation_aerospace,,,,,,
39f3367b45037f8d,us_legislative_governance,medium_negative,34144,"Tone maintains a personal website LibertyLifeTrail where you can find his latest research on Bitcoin, Blockchain, sound economics and privacy.",crypto_blockchain,bitcoin;blockchain,crypto_blockchain,,,,,,
ef15be797cffbb28,us_legislative_governance,medium_negative,34136,"6:40pm (10 minutes):

BlockGeeks (http://blockgeeks.com/): Share & Grow Knowledge Around Blockchain Technology

AMEER ROSIC (http://www.ameerrosic.com/), Co-founder, Blockgeeks.",crypto_blockchain,blockchain,crypto_blockchain,,,,,,
a0ae94a2d3ae6df6,us_legislative_governance,medium_negative,79691,"This prevents blocks from being created or modified dated prior to this checkpoint, thus protecting the chain from malicious attempts to introduce an alternate blockchain.The minting rate increases the longer a node secures the blockchain, incentivizing nodes to actively stake.",crypto_blockchain,blockchain,crypto_blockchain,,,,,,
8f6e88eb447c3334,us_legislative_governance,medium_negative,27870,He takes a battered picture from his wallet of himself smiling next to another man.,crypto_blockchain,wallet,crypto_blockchain,,,,,,
19838a72b904ae08,us_legislative_governance,medium_negative,77413,"That’s right, we will distribute ZRX using our fully-functional and thoroughly audited smart contracts running on the Ethereum mainnet.",crypto_blockchain,ethereum,crypto_blockchain,,,,,,
da280200590ab961,us_legislative_governance,medium_negative,100835,NASA is working on different shielding materials.,aviation_aerospace,nasa,aviation_aerospace,,,,,,
c5c0b4ec27443131,us_legislative_governance,background_negative,21293,"On game platforms, a long may be an inefficient data type (as it is on the Playstation 2).",gaming_general,playstation,gaming_general,,,,,,
424f98be0569e8c2,us_legislative_governance,background_negative,24992,"ASUS Google Nexus 7 16GB Android Tablet (2013 version) with a 1080p Full HD Display and a Quad-Core Processor

This award-winning tablet races through pre-loaded Google apps with its 1.5GHz quad-core processor, and 5.1 surround sound lends clarity to business calls and video game sound effects.",gaming_general,video game,gaming_general,,,,,,
4122f8236f19dff4,us_legislative_governance,background_negative,145044,"What's more, there is a very obvious parabolic shaped structure in the rear wall of the pitcher.",mlb_baseball,pitcher,mlb_baseball,,,,,,
f9043c03284afa1a,us_legislative_governance,background_negative,66257,"He and six others also chose lightweight Donald Cerrone (25-6 MMA, 12-3 UFC) over Myles Jury (15-0 MMA, 6-0 UFC), who got one vote.",combat_sports,mma;ufc,combat_sports,,,,,,
86f0ed05f47e7f1e,us_legislative_governance,background_negative,12921,However Ms Murphy said Nintendo would like to thank everyone who had written to the company already.,gaming_general,nintendo,gaming_general,,,,,,
2577b4e163f0b9e9,us_legislative_governance,background_negative,46332,"What LaPierre neglected to say is that the arms industry, the video game industry, and the military are deeply entwined with one another and even, one could argue, allied in values.",gaming_general,video game,gaming_general,,,,,,
67833c2308ce74b7,us_legislative_governance,background_negative,125759,"Battlefield 4 is set to be launched on PS3, PS4, PC, Xbox 360 and Xbox One later this year with the first DLC for the game being a timed exclusive for Xbox One.",gaming_general,xbox,gaming_general,,,,,,
93c882f9a155855b,us_legislative_governance,background_negative,23671,"The plans call for three towers that now can reach 240 feet in addition to homes, shops, offices, art studios, parks and a brewery, an area that Giants’ president Larry Baer told the Los Angeles Times will “have a Fenway feel, a Wrigleyville feel.”

And catching the Dodgers may not be the end.",mlb_baseball,dodgers,mlb_baseball,,,,,,
233b454bc35e0241,us_legislative_governance,background_negative,134662,He's generously listed at 6-foot-1 and 175 pounds and he's hasn't even topped the 50-inning mark or pitched in a full season league yet.,mlb_baseball,inning,mlb_baseball,,,,,,
133fc6e846ccdb2b,us_legislative_governance,background_negative,23916,"Earlier in the year, Sony sadly laid off a number of staff at the British outfit, but maintained that the developer would remain open in order to support its PlayStation 4 exclusive racer as a service.",gaming_general,playstation,gaming_general,,,,,,
d3c03fc701aa668d,us_legislative_governance,background_negative,40689,"The most popular model is Hatsune Miku, who has gotten international attention as well as quite a few video game appearances.",gaming_general,video game,gaming_general,,,,,,
cf62daf62be871aa,us_legislative_governance,background_negative,28340,Applications can be downloaded at http://2.images.spike.com/downloads/bellator/Bellator-Long-App.pdf and video submission sent to CastingBellator@gmail.com.,combat_sports,bellator;submission,combat_sports,,,,,,
d669941607620062,us_legislative_governance,background_negative,135365,"Race with a range of pads, including Xbox 360 and PS3 controllers.",gaming_general,xbox,gaming_general,,,,,,
64bfee7c2812b99c,us_legislative_governance,background_negative,49532,"Original and Copy

Foreign clients

For customers who are foreign refund dynamic is as follows, you must send your scanned tickets to the following e-mail address: reembolsos@superboletos.com with the title ""UFC refund"", submitting the following:

* Tickets

* Official identification.",combat_sports,ufc,combat_sports,,,,,,
ec8501e150c82c90,us_legislative_governance,background_negative,39278,"In sum, no one can assess at this stage whether Trump tweets strategically or compulsively, whether he means what he tweets or simply tweets to blow off steam, and whether he understands the importance of a president’s words.",gaming_general,steam,gaming_general,,,,,,
18969f448d4fc1a2,us_legislative_governance,background_negative,148698,"The Cy Young Award is given annually to the best pitchers in Major League Baseball (MLB), one each for the American League (AL) and National League (NL).",mlb_baseball,american league;major league baseball;mlb;national league,mlb_baseball,,,,,,
44cf56204e521c8d,us_legislative_governance,background_negative,132802,"TAMPA – Andy Pettitte has ended his retirement to sign a 1-year, minor league contract with the Yankees that will pay him $2.5 million.",mlb_baseball,yankees,mlb_baseball,,,,,,
ad3d312bff7b6c9f,us_legislative_governance,background_negative,62822,"Michael’s always looking for the next big scare, so when his friend Kyle (Jamie Marsh) points out an advertisement for a new video game called Brainscan in the latest issue of Fangoria, Michael calls and orders the game (from 1–800–555-FEAR, naturally).",gaming_general,video game,gaming_general,,,,,,
ac2b94685b43786e,us_legislative_governance,background_negative,89455,"Club GM John Mozeliak recently told 101ESPN what changes will most likely take place and what Peralta’s return means for Aledmys Diaz, currently tending to shortstop.",mlb_baseball,shortstop,mlb_baseball,,,,,,
d4824c81ad2e5437,us_legislative_governance,background_negative,28290,"Submission Rules:

One entry per person.",combat_sports,submission,combat_sports,,,,,,
